word,upos
wšě,DET
nastawki,NOUN
nastawk,NOUN
w,ADP
tutym,DET
tutón,DET
kapitlu,NOUN
kapitl,NOUN
maja,VERB
měć,VERB
markěrowanje,NOUN
přez,ADP
předłohu,NOUN
předłoha,NOUN
ekscelentny,ADJ
biologija,NOUN
je,AUX
być,AUX
wědomostny,ADJ
wobłuk,NOUN
kotryž,DET
analyzuje,VERB
analyzować,VERB
žiwy,ADJ
swět,NOUN
pod,ADP
biologiju,NOUN
móžemy,VERB
móc,NOUN
dać,VERB
dalše,ADJ
dalši,ADJ
wědomosće,NOUN
wědomosć,NOUN
to,PRON
napřikład,ADV
molekularna,ADJ
molekularny,ADJ
biochemija,NOUN
genetika,NOUN
bańkowa,ADJ
bańkowy,ADJ
fyziologija,NOUN
anatomija,NOUN
wuvojowa,ADJ
wuvojowy,ADJ
ewoluciska,ADJ
ewoluciski,ADJ
etologija,NOUN
ekologija,NOUN
systematika,NOUN
botanika,NOUN
coologija,NOUN
mykologija,NOUN
mikrobiologija,NOUN
morfologija,NOUN
bionika,NOUN
lěkařske,ADJ
lěkařski,ADJ
discipliny,NOUN
disciplina,NOUN
wirologija,NOUN
a,CCONJ
mnoho,DET
dalšich,ADJ
specializowanych,NOUN
specializowany,NOUN
wědomostnych,ADJ
disciplin,NOUN
bazalne,ADJ
bazalny,ADJ
ćělesa,NOUN
ćěleso,NOUN
šwikacych,ADJ
šwikacy,ADJ
prućikow,NOUN
prućik,NOUN
wobsedźa,VERB
wobsedźeć,VERB
charakteristisku,ADJ
charakteristiski,ADJ
wjeleworštowu,ADJ
wjeleworštowy,ADJ
strukturu,NOUN
struktura,NOUN
z,ADP
mikrotubulijow,NOUN
mikrotubulij,NOUN
ale,CCONJ
tež,ADV
zakótwjenje,NOUN
cytoskeleće,NOUN
cytoskelet,NOUN
mitoza,NOUN
wotewrjena,ADJ
wotewrjeny,ADJ
za,ADP
čas,NOUN
dźělenja,NOUN
dźělenje,NOUN
bańkow,NOUN
bańka,NOUN
so,PRON
fragmoplast,NOUN
twori,VERB
tworić,VERB
pyrenoidy,NOUN
pyrenoid,NOUN
zwjetša,ADV
faluja,VERB
falować,VERB
hriby,NOUN
hrib,NOUN
su,VERB
žiwe,ADJ
wottwar,NOUN
žiwych,ADJ
nježiwych,ADJ
rostlinow,NOUN
rostlina,NOUN
symbiozu,NOUN
symbioz,NOUN
rostlinami,NOUN
mykorica,NOUN
abo,CCONJ
jako,SCONJ
parazity,NOUN
parazit,NOUN
mezopotamiskej,PROPN
mezopotamiska,PROPN
mjezyrěčina,PROPN
geografisce,ADV
dźensniše,ADJ
dźensniši,ADJ
kónčiny,NOUN
kónčina,NOUN
iraka,PROPN
irak,PROPN
sewjerowuchodneje,ADJ
sewjerowuchodny,ADJ
syriskeje,PROPN
syriska,PROPN
kaž,SCONJ
južnowuchodneje,ADJ
južnowuchodny,ADJ
turkowskeje,PROPN
turkowska,PROPN
definowane,ADJ
definowany,ADJ
přirodne,ADJ
přirodny,ADJ
mjezy,ADP
mjez,ADP
wuchodne,ADV
dólne,ADJ
dólny,ADJ
nakromne,ADJ
nakromny,ADJ
horinow,NOUN
horina,NOUN
zagros,PROPN
taurus,PROPN
pobrjóžna,ADJ
pobrjóžny,ADJ
persiskeho,ADJ
persiski,ADJ
golfa,NOUN
golf,NOUN
započinaca,ADJ
započinacy,ADJ
syrisko,ADJ
syriski,ADJ
arabska,ADJ
arabski,ADJ
pusćina,NOUN
žórłowe,ADJ
žórłowy,ADJ
regiony,NOUN
region,NOUN
eufrata,PROPN
eufrat,PROPN
tigrisa,PROPN
tigris,PROPN
pak,CCONJ
k,ADP
njesłušachu,VERB
słušać,VERB
kóncom,NOUN
kónc,NOUN
nowowbabylonskeho,ADJ
nowowbabylonski,ADJ
mócnarstwa,NOUN
mócnarstwo,NOUN
historiske,ADJ
historiski,ADJ
stawizniske,ADJ
stawizniski,ADJ
zapřijeće,NOUN
slědowace,ADJ
slědowacy,ADJ
epochi,NOUN
epocha,NOUN
jich,DET
nowymi,ADJ
nowy,ADJ
politiskimi,ADJ
politiski,ADJ
statnymi,ADJ
statny,ADJ
wutworami,NOUN
wutwor,NOUN
tohodla,ADV
mjeno,NOUN
njesłuša,VERB
słušeć,VERB
serbski,ADJ
institut,NOUN
sorbisches,X
budyšinje,PROPN
budyšin,PROPN
přepytuje,VERB
přepytować,VERB
rěč,NOUN
stawizny,NOUN
stawizna,NOUN
kulturu,NOUN
kultura,NOUN
serbow,PROPN
serb,PROPN
hornjej,ADJ
horni,ADJ
delnjej,ADJ
delni,ADJ
łužicy,PROPN
łužica,PROPN
zašłosći,NOUN
zašłosć,NOUN
přitomnosći,NOUN
přitomnosć,NOUN
wón,PRON
zběra,VERB
zběrać,VERB
archiwěruje,VERB
archiwować,VERB
tomu,PRON
trěbne,ADJ
trěbny,ADJ
materialije,NOUN
materialija,NOUN
přihotuje,VERB
přihotować,VERB
wědomostne,ADJ
slědźenje,NOUN
spřistupnja,VERB
spřistupnić,VERB
zdobom,ADV
zjawnosći,NOUN
zjawnosć,NOUN
nimo,ADP
toho,PRON
interdisciplinarne,ADJ
interdisciplinarny,ADJ
slědźenja,NOUN
instituta,NOUN
na,ADP
aktualne,ADJ
aktualny,ADJ
połoženje,NOUN
wosebitosće,NOUN
wosebitosć,NOUN
přirunowanje,NOUN
małych,ADJ
mały,ADJ
rěčow,NOUN
kulturow,NOUN
europje,PROPN
europa,PROPN
wusměrjene,ADJ
wusměrjeny,ADJ
sobudźěłaćerjo,NOUN
sobudźěłaćer,NOUN
spytaja,VERB
spytać,VERB
kulturnu,ADJ
kulturny,ADJ
rěčnu,ADJ
rěčny,ADJ
praksu,NOUN
praksa,NOUN
we,ADP
woběmaj,NUM
wobaj,DET
łužicomaj,PROPN
ze,ADP
swojimi,DET
swój,DET
móžnosćemi,NOUN
móžnosć,NOUN
podpěrać,VERB
sydłom,NOUN
sydło,NOUN
wotnožku,NOUN
wotnožka,NOUN
choćebuzu,PROPN
choćebuz,PROPN
januarej,NOUN
januar,NOUN
wot,ADP
swobodneho,ADJ
swobodny,ADJ
stata,NOUN
stat,NOUN
sakska,PROPN
zhromadnje,ADV
krajom,NOUN
kraj,NOUN
braniborska,PROPN
wutworił,VERB
wutworić,VERB
po,ADP
swojej,DET
prawniskej,ADJ
prawniski,ADJ
formje,NOUN
forma,NOUN
zapisane,ADJ
zapisany,ADJ
towarstwo,NOUN
jeho,DET
tradicije,NOUN
tradicija,NOUN
zwonkauniwersitne,ADJ
zwonkauniwersitny,ADJ
slědźenišćo,NOUN
złožuja,VERB
złožować,VERB
ludospyt,NOUN
bě,AUX
lěta,NOUN
lěto,NOUN
załožił,VERB
załožić,VERB
do,ADP
němskej,PROPN
němski,ADJ
akademiji,NOUN
akademija,NOUN
wědomosćow,NOUN
ndr,PROPN
přisłušał,VERB
přisłušeć,VERB
kooperuje,VERB
kooperować,VERB
druhimi,ADJ
druhi,ADJ
wědomostnymi,ADJ
zarjadnišćemi,NOUN
zarjadnišće,NOUN
tu,DET
wukraju,NOUN
wukraj,NOUN
fachowcy,NOUN
fachowc,NOUN
spjelnjeja,VERB
spjelnować,VERB
wučbne,ADJ
wučbny,ADJ
nadawki,NOUN
nadawk,NOUN
uniwersitach,NOUN
uniwersita,NOUN
wysokich,ADJ
wysoki,ADJ
šulach,NOUN
šula,NOUN
kóžde,DET
kóždy,DET
druhe,ADJ
wuhotuje,VERB
wuhotowić,VERB
mjezynarodny,ADJ
prózdninski,ADJ
kurs,NOUN
serbsku,ADJ
normalneje,ADJ
normalny,ADJ
woda,NOUN
eksistuje,VERB
eksistować,VERB
tak,ADV
mjenowana,ADJ
mjenowany,ADJ
połćežka,ADJ
połćežki,ADJ
ćežka,ADJ
ćežki,ADJ
deuteriumowy,ADJ
oksid,NOUN
přećežka,ADJ
přećežki,ADJ
tritiumowy,ADJ
při,ADP
ćežkej,ADJ
přećežkej,ADJ
wodźe,NOUN
wodźikowy,ADJ
atom,NOUN
protium,NOUN
symbol,NOUN
h,X
jeju,DET
izotopaj,NOUN
izotop,NOUN
deuterium,NOUN
tritium,NOUN
naruna,VERB
narunać,VERB
połćežkej,ADJ
jedyn,NUM
cycaki,NOUN
cycak,NOUN
buchu,AUX
tři,NUM
podklasow,NOUN
podklasa,NOUN
něhdźe,ADV
hač,ADV
porjadow,NOUN
porjad,NOUN
rozdźělene,ADJ
rozdźělić,ADJ
kotrež,DET
strony,NOUN
strona,NOUN
měchawcach,NOUN
měchawc,NOUN
wyšich,ADJ
cycakach,NOUN
hišće,ADV
raz,NOUN
dwě,NUM
dwaj,NUM
resp,ADV
štyri,NUM
nadporjadowanym,ADJ
nadporjadowany,ADJ
skupinam,NOUN
skupina,NOUN
přidźělować,VERB
móžeja,VERB
bóle,ADV
detailowa,ADJ
detailowy,ADJ
wšěch,DET
swójbami,NOUN
swójba,NOUN
namaka,VERB
namakać,VERB
cycakow,NOUN
frankfurt,PROPN
nad,ADP
mohanom,PROPN
mohan,PROPN
mainom,PROPN
main,PROPN
němsce,ADV
am,PROPN
najwjetše,ADJ
wulki,ADJ
město,NOUN
zwjazkoweho,ADJ
zwjazkowy,ADJ
kraja,NOUN
hessenska,PROPN
pjaty,ADJ
němskeje,PROPN
němska,PROPN
bronzoweje,ADJ
bronzowy,ADJ
doby,NOUN
doba,NOUN
znate,ADJ
znaty,ADJ
kulturne,ADJ
formy,NOUN
wjetšimi,ADJ
symjenjemi,NOUN
symjenjo,NOUN
dnjej,NOUN
dźeń,NOUN
archiwow,NOUN
archiw,NOUN
přeprošuje,VERB
přeprošować,VERB
dwórnišćowu,ADJ
dwórnišćowy,ADJ
sobotu,NOUN
sobota,NOUN
dnja,ADJ
měrca,NOUN
měrc,NOUN
hodź,NOUN
hodźina,NOUN
knižna,ADJ
knižny,ADJ
premjera,NOUN
zwjazka,NOUN
zwjazk,NOUN
spisow,NOUN
spis,NOUN
serbskeho,ADJ
stätten,PROPN
und,X
stationen,PROPN
religiösen,PROPN
wirkens,PROPN
smolerjec,PROPN
kniharni,NOUN
kniharnja,NOUN
etiopiskej,PROPN
etiopiska,PROPN
rěči,NOUN
rěčeć,VERB
někotre,DET
někotry,DET
nich,PRON
naš,DET
zaměr,NOUN
słowoskład,NOUN
šěroko,ADV
móžno,ADV
registrować,VERB
zo,SCONJ
budu,AUX
nim,PRON
słowa,NOUN
słowo,NOUN
kiž,PRON
njejsu,VERB
nihdźe,ADV
registrowane,ADJ
registrowany,ADJ
planowane,ADJ
planowany,ADJ
pytansku,ADJ
pytanski,ADJ
funkciju,NOUN
funkcija,NOUN
integrować,VERB
wužiwarjej,NOUN
wužiwar,NOUN
dowoli,VERB
dowollić,VERB
wopak,ADV
pisane,ADJ
pisany,ADJ
tutej,DET
dobje,NOUN
rozłama,VERB
rozłamać,VERB
jednota,NOUN
duchowneje,ADJ
duchowny,ADJ
swětneje,ADJ
swětny,ADJ
mocy,NOUN
moc,NOUN
palasty,NOUN
palast,NOUN
kralow,NOUN
kral,NOUN
natwarjene,ADJ
natwarjeny,ADJ
nic,PART
jenož,PART
reprezentaciji,NOUN
reprezentacija,NOUN
słužachu,VERB
słužić,VERB
kralojo,NOUN
tuteje,DET
mjenowachu,VERB
mjenować,VERB
lugal,NOUN
čłowjek,NOUN
mócnarski,ADJ
narok,NOUN
pokazachu,VERB
pokazać,VERB
knježićeljo,NOUN
knježićel,NOUN
swoje,DET
rowy,NOUN
row,NOUN
dajo,VERB
družbinu,NOUN
družbina,NOUN
pohrjebać,VERB
wjacore,ADJ
wjacory,ADJ
tutych,DET
kralowskich,ADJ
kralowski,ADJ
rowow,NOUN
namakachu,VERB
blisko,ADP
města,NOUN
ur,PROPN
jeli,SCONJ
chceće,VERB
chcyć,VERB
aktualnych,ADJ
projektach,NOUN
projekt,NOUN
klemena,PROPN
klemen,PROPN
wobdźělić,VERB
wustupej,NOUN
wustup,NOUN
swojeho,DET
přeprosyć,VERB
wobroćće,VERB
wobroćić,VERB
sćěhowacu,ADJ
sćěhowacy,ADJ
adresu,NOUN
adresa,NOUN
wotrězk,NOUN
ma,VERB
wobsahowe,ADJ
wobsahowy,ADJ
mjezoty,NOUN
mjezota,NOUN
faluje,VERB
wjele,ADV
družinow,NOUN
družina,NOUN
hlej,VERB
hladać,VERB
nastawka,NOUN
tlustulimu,PROPN
awg,X
cest,NOUN
werba,NOUN
werb,NOUN
danci,X
rejować,VERB
móže,VERB
substantiw,NOUN
nastać,VERB
danco,X
reja,NOUN
adjektiw,NOUN
danca,X
rejowanski,ADJ
adwerb,NOUN
dance,X
rejowansce,ADV
substantiwa,NOUN
martelo,X
hamor,NOUN
marteli,X
klepać,VERB
hamorom,NOUN
martela,X
hamorowy,ADJ
martele,X
rjemjesło,NOUN
wikowanje,NOUN
nabywaštej,VERB
nabywać,VERB
dale,ADV
daloko,ADV
wuznam,NOUN
zamóžite,ADJ
zamóžity,ADJ
sydlišćow,NOUN
sydlišće,NOUN
politisce,ADV
samostatne,ADJ
samostatny,ADJ
spadźe,NOUN
spad,NOUN
assyriskeje,PROPN
assyriska,PROPN
babylon,PROPN
zaso,ADV
naby,VERB
nabyć,VERB
nabopolassar,PROPN
dobywa,VERB
dobywać,VERB
naposledk,ADV
assyriskej,PROPN
lět,NOUN
smjerći,NOUN
smjerć,NOUN
assurbanipala,PROPN
assurbanipal,PROPN
dobychu,VERB
dobyć,VERB
zjednoćeni,ADJ
medojo,PROPN
med,PROPN
babylonjenjo,PROPN
babylonjen,PROPN
wójska,NOUN
wójsko,NOUN
př,ADP
před,ADP
n,DET
l,NOUN
lětoličba,NOUN
potom,ADV
bu,AUX
znowa,ADV
kulturelny,ADJ
centrum,NOUN
mezopotamiskeje,PROPN
assur,PROPN
niniwa,PROPN
buštej,AUX
dospołnje,ADV
zničenej,ADJ
zničeny,ADJ
assyričenjo,PROPN
assyričen,PROPN
skónčnje,ADV
pomjatka,NOUN
pomjatk,NOUN
naslědnych,ADJ
naslědny,ADJ
generacijow,NOUN
generacija,NOUN
zhubjachu,VERB
zhubić,VERB
doniž,SCONJ
tute,DET
politisko,ADJ
socialnych,ADJ
socialny,ADJ
přičinow,NOUN
přičina,NOUN
znutřka,ADP
assyriskeho,ADJ
assyriski,ADJ
luda,NOUN
lud,NOUN
wuchodźe,NOUN
wuchod,NOUN
lětstotku,NOUN
lětstotk,NOUN
njewožiwi,VERB
wožiwić,VERB
znamjenja,NOUN
znamjenje,NOUN
druhich,ADJ
zastupjerjow,NOUN
zastupjer,NOUN
nadrjadowanych,ADJ
nadrjadowany,ADJ
taksonow,NOUN
takson,NOUN
charofyta,NOUN
chloroplastida,NOUN
chloroplasty,NOUN
chloroplast,NOUN
chlorophyll,NOUN
b,X
fotosynteizskej,ADJ
fotosynteizski,ADJ
pigmentaj,NOUN
pigment,NOUN
karotinoidy,NOUN
karotinoid,NOUN
akcesoriske,ADJ
akcesoriski,ADJ
pigmenty,NOUN
škrob,NOUN
rezerwny,ADJ
polysaccharid,NOUN
bańkowe,ADJ
sćěny,NOUN
sćěna,NOUN
celulozy,NOUN
celuloza,NOUN
wutrusowa,ADJ
wutrusowy,ADJ
wobsahuje,VERB
wobsahować,VERB
sporopolenin,NOUN
sporofyty,NOUN
sporofyt,NOUN
tworja,VERB
kutikulu,NOUN
kutikula,NOUN
chemiska,ADJ
chemiski,ADJ
wjazba,NOUN
kotraž,DET
njeparujomna,ADJ
parujomny,ADJ
žiwochow,NOUN
žiwoch,NOUN
zemi,NOUN
zemja,NOUN
wona,PRON
normalnymi,ADJ
wuměnjenjemi,NOUN
wuměnjenje,NOUN
kapalny,ADJ
temperaturach,NOUN
temperatura,NOUN
c,X
škrějnym,ADJ
škrějny,ADJ
dypkom,NOUN
dypk,NOUN
bywa,VERB
bywać,VERB
kruta,ADJ
kruty,ADJ
maćizna,NOUN
lód,NOUN
warjenskim,ADJ
warjenski,ADJ
para,NOUN
tuta,DET
wuznamjeni,ADJ
wuznamjenić,VERB
krute,ADJ
zarjadnistwo,NOUN
wudawanje,NOUN
prawniskich,ADJ
wukazow,NOUN
wukaz,NOUN
kodeks,NOUN
nammu,PROPN
poslednja,ADJ
posledni,ADJ
sumeričanow,PROPN
sumeričan,PROPN
charakerizowana,ADJ
charakerizowany,ADJ
rozpad,NOUN
zańdźenje,NOUN
městow,NOUN
wuznamjeny,ADJ
měł,VERB
nomadny,ADJ
swoju,DET
šansu,NOUN
šansa,NOUN
postupej,NOUN
postup,NOUN
dóstać,VERB
lisćina,NOUN
ura,PROPN
nacionalsocializm,NOUN
prěnjotnje,ADV
nationalsozialismus,NOUN
krótko,ADJ
nacizm,NOUN
njedemokratiska,ADJ
demokratiski,ADJ
antikomunistiska,ADJ
antikomunistiski,ADJ
antisemitiska,ADJ
antisemitiski,ADJ
antisłowjanska,ADJ
antisłowjanski,ADJ
ideologija,NOUN
swětonahlad,NOUN
kotry,DET
załoženy,ADJ
adolfa,PROPN
adolf,PROPN
hitlera,PROPN
hitler,PROPN
weimarskeje,ADJ
weimarski,ADJ
republiki,NOUN
republika,NOUN
waženy,ADJ
hłownu,ADJ
hłowny,ADJ
přičinu,NOUN
druheje,ADJ
swětoweje,ADJ
swětowy,ADJ
wójny,NOUN
wójna,NOUN
złóstnistwow,NOUN
złóstnistwo,NOUN
třećeho,ADJ
třeći,ADJ
reicha,NOUN
reich,NOUN
přikład,NOUN
holocausta,NOUN
holocaust,NOUN
jednora,ADJ
jednory,ADJ
wažna,ADJ
wažny,ADJ
jónkróćna,ADJ
jónkróćny,ADJ
kajkosć,NOUN
wody,NOUN
jeje,DET
płuwa,VERB
płuwać,VERB
kapalnej,ADJ
faza,NOUN
mjenje,ADV
mało,ADV
husta,ADJ
husty,ADJ
kapalna,ADJ
dla,ADP
geometrije,NOUN
geometrija,NOUN
sylnych,ADJ
sylny,ADJ
wodźikowych,ADJ
wjazbow,NOUN
niskich,ADJ
niski,ADJ
zdźěłuja,VERB
zdźěłować,VERB
hłuboka,ADJ
hłuboki,ADJ
wostanje,VERB
wostać,VERB
ćopliša,ADJ
ćopły,ADJ
lodowy,ADJ
powjerch,NOUN
wodowe,ADJ
wodowy,ADJ
organizmy,NOUN
organizm,NOUN
prěnje,ADJ
prěni,ADJ
lodowe,ADJ
wumjenja,NOUN
wumjenje,NOUN
přežiwić,VERB
indiska,PROPN
multietniski,ADJ
miliardow,NUM
miliarda,NUM
wobydlerjemi,NOUN
wobydler,NOUN
najwjetši,ADJ
swěta,NOUN
wobydlerstwu,NOUN
wobydlerstwo,NOUN
archelogoiske,ADJ
archelogoiski,ADJ
namakanki,NOUN
snadne,ADJ
snadny,ADJ
starobabylonskich,ADJ
starobabylonski,ADJ
rozpušćeno,ADJ
rozpušćeny,ADJ
gasche,PROPN
et,X
al,X
proces,NOUN
wšak,CCONJ
hižo,ADV
padom,NOUN
pad,NOUN
babylona,PROPN
započał,VERB
započeć,VERB
zda,VERB
zdać,VERB
změnu,NOUN
změna,NOUN
hydrologiskeho,ADJ
hydrologiski,ADJ
systema,NOUN
system,NOUN
času,NOUN
knjejstwa,NOUN
knjejstwo,NOUN
samsuiluny,PROPN
samsuiluna,PROPN
zwjazane,ADJ
zwjazany,ADJ
uruk,PROPN
larsa,PROPN
eufratom,PROPN
běchu,AUX
potrjechene,ADJ
potrjecheny,ADJ
girsu,PROPN
lagaš,PROPN
rozpušćenej,ADJ
isin,PROPN
nippur,PROPN
rozpjeće,NOUN
keramikowych,ADJ
keramikowy,ADJ
formow,NOUN
jasnje,ADV
woteběra,VERB
woteběać,VERB
potrjechena,ADJ
stajnje,ADV
wuwiwa,VERB
wuwiwać,VERB
měnja,VERB
měnić,VERB
přeměnjenja,NOUN
přeměnjenje,NOUN
kultury,NOUN
kajke,DET
kajki,DET
wone,PRON
wupadaja,VERB
wupadać,VERB
kak,ADV
formuja,VERB
formować,VERB
nimi,PRON
wobchadźa,VERB
wobchadźeć,VERB
titlom,NOUN
titl,NOUN
wandel,X
gestalten,X
geschichten,X
strategien,X
um,X
identitäts,X
landschaftswandel,X
in,X
der,X
lausitz,X
wuhotować,VERB
gižkojskim,ADJ
gižkojski,ADJ
kuble,NOUN
kubl,NOUN
wikach,PROPN
wiki,NOUN
pola,ADP
drjowka,PROPN
drjowk,PROPN
fachowu,ADJ
fachowy,ADJ
konferencu,NOUN
konferenca,NOUN
kotrejž,DET
wobdźěli,VERB
referentow,NOUN
referent,NOUN
referentkow,NOUN
referentka,NOUN
wobłukow,NOUN
hospodarstwa,NOUN
hospodarstwo,NOUN
regionalneho,ADJ
regionalny,ADJ
zarjadnistwa,NOUN
rozeznawa,VERB
rozeznawać,VERB
kwalitatiwnym,ADJ
kwalitatiwny,ADJ
ablawtom,NOUN
ablawt,NOUN
wokala,NOUN
wokal,NOUN
kwantitatiwnym,ADJ
kwantitatiwny,ADJ
wokaloweje,ADJ
wokalowy,ADJ
dołhosće,NOUN
dołhosć,NOUN
pomjenowanja,NOUN
pomjenowanje,NOUN
ablawtowych,ADJ
ablawtowy,ADJ
schodźenkow,NOUN
schodźenk,NOUN
jednotnje,ADJ
jednotni,ADJ
indoeuropskeho,ADJ
indoeuropski,ADJ
ablawta,NOUN
schodźenki,NOUN
rozeznawaja,VERB
sy,AUX
mjenowanych,ADJ
njedostatkow,NOUN
njedostatk,NOUN
skorigował,VERB
skorigować,VERB
wotstroń,VERB
wotstronić,VERB
prošu,VERB
prosyć,VERB
parameter,NOUN
předłohi,NOUN
podrobnosće,NOUN
podrobnosć,NOUN
namakaš,VERB
dokumentaciji,NOUN
dokumentacija,NOUN
zelo,NOUN
słoma,NOUN
stej,AUX
bělkowinach,NOUN
bělkowina,NOUN
bohatu,ADJ
bohaty,ADJ
skótnu,ADJ
skótny,ADJ
žratwu,NOUN
žratwa,NOUN
marilyn,PROPN
monroe,PROPN
norma,PROPN
jean,PROPN
baker,PROPN
junija,NOUN
junij,NOUN
los,PROPN
angeles,PROPN
awgusta,NOUN
awgust,NOUN
us,X
amerikanska,ADJ
amerikanski,ADJ
dźiwadźelnica,NOUN
spěwarka,NOUN
fotowy,ADJ
model,NOUN
sex,NOUN
hodźi,VERB
hodźić,VERB
jenakorazny,ADJ
dokładnje,ADV
jenaki,ADJ
rjadow,NOUN
rjad,NOUN
wobkedźbować,VERB
dokelž,SCONJ
wšelake,DET
wšelaki,DET
zwukowe,ADJ
zwukowy,ADJ
přesunjenja,NOUN
přesunjenje,NOUN
stali,VERB
stać,VERB
pismowy,ADJ
wobraz,NOUN
husto,ADV
starše,ADJ
stary,ADJ
dołho,ADV
wobchowuje,VERB
wobchować,VERB
rěčanej,ADJ
rěčany,ADJ
změnili,VERB
změnić,VERB
pomhaj,VERB
pomhać,VERB
wikipediju,NOUN
wikipedija,NOUN
tym,PRON
ty,PRON
jón,PRON
rozšěriš,VERB
rozšěrić,VERB
nětko,ADV
wudospołniš,VERB
wudospołnić,VERB
čole,NOUN
čoło,NOUN
assyričanow,PROPN
assyričan,NOUN
steješe,VERB
zastupjerja,NOUN
bóha,NOUN
bóh,NOUN
aššur,PROPN
měješe,VERB
pódla,ADV
kupnicy,NOUN
kupnica,NOUN
wulku,ADJ
kraju,NOUN
wukonjachu,VERB
wukonawać,VERB
ležo,VERB
ležeć,VERB
wažnych,ADJ
wikowanskich,ADJ
wikowanski,ADJ
pućach,NOUN
puć,NOUN
wikowaše,VERB
wikować,VERB
babylonom,PROPN
anatolskej,PROPN
anatolska,PROPN
dźensnišim,ADJ
iranom,PROPN
iran,PROPN
přitoki,NOUN
přitok,NOUN
kaspiskeho,ADJ
kaspiski,ADJ
morja,NOUN
morjo,NOUN
wolga,PROPN
ural,PROPN
kura,PROPN
akkada,PROPN
akkad,PROPN
žane,DET
žadyn,DET
dołhe,ADJ
dołhi,ADJ
wobstaće,NOUN
njeměješe,VERB
mnoholičbne,ADJ
mnoholičbny,ADJ
zběžki,NOUN
zběžk,NOUN
předewšěm,ADV
přupućowacy,ADJ
hórski,ADJ
gutejčanow,PROPN
gutejčan,NOUN
skónčichu,VERB
skónčić,VERB
tutu,DET
epochu,NOUN
trinken,X
tworjenju,NOUN
tworjenje,NOUN
preterituma,NOUN
preteritum,NOUN
trank,X
getrunken,X
geografiske,ADJ
geografiski,ADJ
eksonymy,NOUN
eksonym,NOUN
mjena,NOUN
geografiskich,ADJ
objektow,NOUN
objekt,NOUN
rěkow,NOUN
rěka,NOUN
horow,NOUN
hora,NOUN
krajowych,ADJ
krajowy,ADJ
mjenow,NOUN
krajinow,NOUN
krajina,NOUN
zwonka,ADV
serbskeje,ADJ
materialowa,ADJ
materialowy,ADJ
zběrka,NOUN
bazuje,VERB
bazować,VERB
hłownje,ADV
wupiskach,NOUN
wupisk,NOUN
wučbnicow,NOUN
wučbnica,NOUN
geografiju,NOUN
geografija,NOUN
lětnika,NOUN
lětnik,NOUN
słownikow,NOUN
słownik,NOUN
druhim,ADJ
němsko,ADJ
hornjoserbskeho,ADJ
hornjoserbski,ADJ
słownika,NOUN
noweje,ADJ
leksiki,NOUN
leksika,NOUN
naprašowanjach,NOUN
naprašowanje,NOUN
nastał,VERB
kooperaciji,NOUN
kooperacija,NOUN
rěčnym,ADJ
centrumom,NOUN
witaj,PROPN
symjenišćo,NOUN
přeco,ADV
płódniku,NOUN
płódnik,NOUN
zawěra,VERB
zawěrać,VERB
zrałoće,ADJ
zrałoći,ADJ
płoda,NOUN
płod,NOUN
přetworjuje,VERB
přetworjować,VERB
čimž,PRON
štož,PRON
dźěle,NOUN
dźěl,NOUN
kćenja,NOUN
kćenje,NOUN
wobdźělować,VERB
diftongi,NOUN
diftong,NOUN
ae,X
oe,X
eu,X
au,X
najstarše,ADJ
archeologiske,ADJ
archeologiski,ADJ
wobsydlenske,ADJ
wobsydlenski,ADJ
sćěhi,NOUN
sćěh,NOUN
hodźa,VERB
połojcu,NOUN
połojca,NOUN
lěttysaca,NOUN
lěttysac,NOUN
srjedźnmy,ADJ
eufraće,PROPN
murejbeće,PROPN
murejbet,PROPN
dopokazać,VERB
hdźež,ADV
pochowane,ADJ
pochowany,ADJ
byče,ADJ
byči,ADJ
nopy,NOUN
nopa,NOUN
kulojtych,ADJ
kulojty,ADJ
domach,NOUN
dom,NOUN
namakali,VERB
wěstotu,NOUN
wěstota,NOUN
předpokładować,VERB
podobne,ADJ
podobny,ADJ
poměry,NOUN
poměr,NOUN
susodnych,ADJ
susodny,ADJ
regionach,NOUN
namakankow,NOUN
namakanka,NOUN
typiske,ADJ
typiski,ADJ
cyłkowneje,ADJ
cyłkowny,ADJ
reprezentuja,VERB
reprezenować,VERB
hodźeć,VERB
wumodelowane,ADJ
wumodelowany,ADJ
žónske,ADJ
žónski,ADJ
figuriny,NOUN
figurina,NOUN
obsidian,NOUN
mnóstwach,NOUN
mnóstwo,NOUN
pokazuje,VERB
pokazywać,VERB
kapadociskej,ADJ
kapadociski,ADJ
namakane,ADJ
namakany,ADJ
obsidianowe,ADJ
obsidianowy,ADJ
brjenki,NOUN
brjenka,NOUN
dopokaz,NOUN
zažneho,ADJ
zažny,ADJ
wikowanja,NOUN
kislik,NOUN
bjezbarbny,ADJ
njewonjaty,ADJ
wonjaty,ADJ
bjezsłodowy,ADJ
płun,NOUN
element,NOUN
zjewi,VERB
zjewić,VERB
nimale,ADV
molekularnej,ADJ
o2,SYM
o3,SYM
ocon,NOUN
burkina,PROPN
faso,PROPN
zapadnej,ADJ
zapadny,ADJ
africe,PROPN
afrika,PROPN
podleži,VERB
podležeć,VERB
francoskemu,ADJ
francoski,ADJ
kolonialnemu,ADJ
kolonialny,ADJ
knjejstwu,NOUN
spočatka,NOUN
spočatk,NOUN
njewotwisnosće,NOUN
njewotwisnosć,NOUN
mjenowaše,VERB
hornja,ADJ
wolta,PROPN
wosebitu,ADJ
wosebity,ADJ
rólu,NOUN
róla,NOUN
hraješe,VERB
hrać,VERB
lěttysacomaj,NOUN
sewjerna,ADJ
sewjerny,ADJ
wobchadnje,ADV
druhdy,ADV
mjenuje,VERB
njej,PRON
słušachu,VERB
hornim,ADJ
běhu,NOUN
běh,NOUN
habura,PROPN
habur,PROPN
wuznamne,ADJ
wuznamny,ADJ
tam,ADV
nastali,VERB
mari,PROPN
ebla,PROPN
hama,PROPN
hamukar,PROPN
tell,PROPN
halaf,PROPN
aleppo,PROPN
nabada,PROPN
wědomostna,ADJ
přewinjenje,NOUN
dualizmow,NOUN
dualizm,NOUN
ludźo,NOUN
institucije,NOUN
institucija,NOUN
hybridologiskeho,ADJ
hybridologiski,ADJ
wida,NOUN
wid,NOUN
hodownik,NOUN
pokazować,VERB
padnje,VERB
padnyć,VERB
tutoho,DET
měsaca,NOUN
měsac,NOUN
cyrkwinski,ADJ
swjedźeń,NOUN
hody,NOUN
patoržica,NOUN
decembra,NOUN
december,NOUN
swjaty,ADJ
zdźěla,ADV
swjeći,VERB
swjećić,VERB
silwestra,NOUN
silwester,NOUN
indiski,ADJ
rozdźělena,ADJ
rozdźěleny,ADJ
zwjazkowych,ADJ
statow,NOUN
teritorijow,NOUN
teritorij,NOUN
trěbna,ADJ
čłowjekowe,ADJ
čłowjekowy,ADJ
zwěrjatkowe,ADJ
zwěrjatkowy,ADJ
rostlinowe,ADJ
rostlinowy,ADJ
žiwjenje,NOUN
disponujomnosć,NOUN
wažnosć,NOUN
sociusku,ADJ
sociuski,ADJ
politisku,ADJ
pódlanska,ADJ
pódlanski,ADJ
mapa,NOUN
pokaza,VERB
čerwjenu,ADJ
čerwjeny,ADJ
barbu,NOUN
barba,NOUN
kraje,NOUN
kóždolětnje,ADV
wobsedźeja,VERB
mjeńše,ADV
m,X
metr,NOUN
wobnowjeneje,ADJ
wobnowjeny,ADJ
wšeho,DET
wobydlerja,NOUN
žołta,ADJ
žołty,ADJ
rěki,NOUN
wažne,ADJ
zastaranje,NOUN
jordan,PROPN
kolorado,PROPN
přeprěkuja,VERB
přeprěkować,VERB
krajowe,ADJ
hranicy,NOUN
hranica,NOUN
móžne,ADJ
móžny,ADJ
mjezykrajowe,ADJ
mjezykrajowy,ADJ
konflikty,NOUN
konflikt,NOUN
wo,ADP
pitnej,ADJ
pitny,ADJ
starych,ADJ
kulturach,NOUN
egyptowskej,PROPN
egyptowska,PROPN
persiskej,PROPN
persiska,PROPN
israelu,PROPN
israel,PROPN
ludowy,ADJ
cyrobowy,ADJ
srědk,NOUN
dawe,VERB
dawać,VERB
de,X
jure,X
žanu,DET
stolicu,NOUN
stolica,NOUN
nimaja,VERB
monaco,PROPN
nauru,PROPN
šwicarska,PROPN
liechtenstein,PROPN
vatikanske,ADJ
vatikanski,ADJ
seksuelna,ADJ
seksuelny,ADJ
gametofyty,NOUN
gametofyt,NOUN
wutwori,VERB
specielne,ADJ
specielny,ADJ
wjacebańkowe,ADJ
wjacebańkowy,ADJ
seksualne,ADJ
seksualny,ADJ
organy,NOUN
organ,NOUN
wjacorych,ADJ
sterilnymi,ADJ
sterilny,ADJ
bańkami,NOUN
wobdate,ADJ
wobdaty,ADJ
muske,ADJ
muski,ADJ
anteridije,NOUN
anteridija,NOUN
archegonije,NOUN
archegonija,NOUN
jejkowe,ADJ
jejkowy,ADJ
bańki,ADJ
zawostawaja,VERB
zawostawać,VERB
archegonijach,NOUN
wopłodźuja,VERB
wopłodźować,VERB
krytosymjenjakach,NOUN
krytosymjenjak,NOUN
ekstremnje,ADV
redukowane,ADJ
redukowany,ADJ
zjawny,ADJ
přednošk,NOUN
serbskim,ADJ
instituće,NOUN
dwórnišćowej,ADJ
pd,X
dr,X
sönke,PROPN
friedreich,PROPN
isgv,PROPN
drježdźany,PROPN
vom,X
urlaub,X
erzählen,X
zur,X
erfahrungsgeschichte,X
des,X
reisens,X
ddr,X
london,PROPN
wurjekowanje,NOUN
jendźelskeje,PROPN
jendźelska,PROPN
zjednoćeneho,ADJ
zjednoćeny,ADJ
kralestwa,NOUN
kralestwo,NOUN
wulkobritaniskeje,PROPN
wulkobritaniska,PROPN
sewjerneje,ADJ
irskeje,PROPN
irska,PROPN
leži,VERB
juhowuchodźe,NOUN
juhowuchod,NOUN
rěce,NOUN
thames,PROPN
jendźelsce,ADV
greater,X
cirka,ADV
sydom,NUM
poł,NUM
miliona,NOUN
milion,NOUN
wobydlerjow,NOUN
cyła,ADJ
cyły,ADJ
aglomeracija,NOUN
štyrnaće,NUM
milionow,NOUN
móžeš,VERB
čerwjene,ADJ
wotkazy,NOUN
wotkaz,NOUN
deleka,ADV
kliknyć,VERB
pisać,VERB
serbskej,ADJ
tematiku,NOUN
tematika,NOUN
němskorěčneje,ADJ
němskorěčny,ADJ
wikipedije,NOUN
wikipedijow,PROPN
přełožować,VERB
jow,ADV
by,AUX
gnu,PROPN
licenca,NOUN
dodźeržała,VERB
dodźeržeć,VERB
dyrbi,VERB
dyrbjeć,VERB
tamnišich,ADJ
tamniši,ADJ
t,ADV
mj,X
hłownych,ADJ
awtorow,NOUN
awtor,NOUN
edit,NOUN
babylonje,PROPN
wliwapołni,ADJ
wliwapołny,ADJ
překupcy,NOUN
překupc,NOUN
kotřiž,NOUN
hotowe,ADJ
hotowy,ADJ
dynastije,NOUN
dynastija,NOUN
tworjachu,VERB
powjetšachu,VERB
powjetšać,VERB
zamóženje,NOUN
pjenježne,ADJ
pjenježny,ADJ
wobchody,NOUN
wobchod,NOUN
přećiwo,ADP
wšemu,DET
wočakowanju,NOUN
wočakowanje,NOUN
njeběchu,VERB
wšěm,DET
zdaću,NOUN
zdaće,NOUN
bazary,NOUN
bazar,NOUN
poprawom,ADV
orientaliskeho,ADJ
orientaliski,ADJ
wočakowało,VERB
wočakować,VERB
dokumenty,NOUN
dokument,NOUN
wikowanskej,ADJ
ničo,PRON
ništo,PRON
njerozprawjeja,VERB
rozprawjeć,VERB
serbska,ADJ
centralna,ADJ
centralny,ADJ
biblioteka,NOUN
relatiwnje,ADV
zarjadnišćo,NOUN
jej,PRON
přisteji,VERB
přistać,VERB
wobstaranje,NOUN
zadźěłanje,NOUN
archiwizowanje,NOUN
spřistupnjenje,NOUN
cyłeje,ADJ
serbskorěčneje,ADJ
serbskorěčny,ADJ
literatury,NOUN
literatura,NOUN
wozjewjenjow,NOUN
wozjewjenje,NOUN
serbach,PROPN
wukrajnu,ADJ
wukrajny,ADJ
literaturu,NOUN
duchowno,ADJ
socialnowědneho,ADJ
socialnowědny,ADJ
wobłuka,NOUN
wotpowědnje,ADP
wotrjadam,NOUN
wotrjad,NOUN
slědźerskim,ADJ
slědźerski,ADJ
předewzaćam,NOUN
předewzaće,NOUN
wotewrjenske,ADJ
wotewrjenski,ADJ
časy,NOUN
centralneje,ADJ
biblioteki,NOUN
wužiwanje,NOUN
bjezpłatne,ADJ
bjezpłatny,ADJ
zapis,NOUN
wužiwanskeje,ADJ
wužiwanski,ADJ
knihi,NOUN
kniha,NOUN
připóznaje,VERB
připoznać,VERB
přizjewjenje,NOUN
zdokonja,VERB
zdokonjeć,VERB
wužiwanja,NOUN
prěnim,ADJ
rjedźe,NOUN
prezenčna,ADJ
prezenčny,ADJ
knihownja,NOUN
wobstatki,NOUN
wobstatk,NOUN
čitarni,NOUN
čitarnja,NOUN
sobudźěłaćerjow,NOUN
instututa,NOUN
instutut,NOUN
dźěłowych,ADJ
dźěłowy,ADJ
rumnosćach,NOUN
rumnosć,NOUN
wužiwaja,VERB
wužiwać,VERB
wupožčenja,NOUN
wupožčenje,NOUN
domu,NOUN
powołanske,ADJ
powołanski,ADJ
zaměry,NOUN
powšitkownje,ADV
płaćiwym,ADJ
płaćiwy,ADJ
postajenjam,NOUN
postajenje,NOUN
wupožčenski,ADJ
wučinja,VERB
wučinić,VERB
zasadźe,NOUN
zasada,NOUN
njedźele,NOUN
njedźela,NOUN
nowiny,NOUN
medije,NOUN
medija,NOUN
njedźeli,NOUN
woprawnjena,ADJ
woprawnjeny,ADJ
wupožčene,ADJ
wupožčeny,ADJ
informaciske,ADJ
informaciski,ADJ
žórła,NOUN
žórło,NOUN
wotběhom,NOUN
wotběh,NOUN
wupožčenskeho,ADJ
časa,NOUN
sebi,PRON
wróćo,ADV
žadać,VERB
podlěšenje,NOUN
tuteho,DET
přizjewić,VERB
překročenju,NOUN
překročenje,NOUN
wupožčer,NOUN
popłatnje,ADV
napomina,VERB
napominać,VERB
wostanu,VERB
napominanja,NOUN
napominanje,NOUN
bjez,ADP
wuspěcha,NOUN
wuspěch,NOUN
žadanja,NOUN
žadanje,NOUN
sudnisce,ADV
přesadźa,VERB
přesadźić,VERB
wobmjezowanja,NOUN
wobmjezowanje,NOUN
płaća,VERB
płaćić,VERB
časopisy,NOUN
časopis,NOUN
dyrbja,VERB
wužiwarjow,NOUN
dispoziciji,NOUN
dispozicija,NOUN
serbske,ADJ
periodika,NOUN
periodikum,NOUN
maćicy,PROPN
maćica,PROPN
lětopis,NOUN
wušłe,ADJ
wušły,ADJ
wuwzaće,NOUN
eksemplarach,NOUN
eksemplar,NOUN
wobstatku,NOUN
drohoćinkam,NOUN
drohoćinka,NOUN
njeliča,VERB
ličić,VERB
nawoda,NOUN
nawod,NOUN
smě,VERB
směć,VERB
wěstych,ADJ
wěsty,ADJ
padach,NOUN
wupožčenske,ADJ
zběhnyć,VERB
přidatne,ADV
postajić,VERB
winowaty,ADJ
wobstatkami,NOUN
swědomiće,ADV
njesmě,VERB
změnjeć,VERB
rěkać,VERB
pasć,VERB
našmórnjenjow,NOUN
našmórnjenje,NOUN
womazać,VERB
wobškodźić,VERB
kóždu,DET
škodu,NOUN
škoda,NOUN
zhubjenje,NOUN
samostatnje,ADV
posłužić,VERB
pomocnych,ADJ
pomocny,ADJ
srědkow,NOUN
bibliografijow,NOUN
bibliografija,NOUN
časopisow,NOUN
wólnoručne,ADJ
wólnoručny,ADJ
nastajene,ADJ
nastajeny,ADJ
nastajeneho,ADJ
kopěraka,NOUN
kopěrak,NOUN
hdyž,SCONJ
zakónske,ADJ
zakónski,ADJ
postajenja,NOUN
awtorskeho,ADJ
awtorski,ADJ
prawa,NOUN
prawo,NOUN
wobkedźbuje,VERB
wužiwarjo,NOUN
njesu,AUX
sami,ADJ
samy,ADJ
zamołwitosć,NOUN
zranjenju,NOUN
zranjenje,NOUN
awtorskich,ADJ
prawow,NOUN
kopije,NOUN
kopija,NOUN
historiskich,ADJ
knihow,NOUN
nowin,NOUN
smědźa,VERB
pomocu,NOUN
pomoc,NOUN
knižneho,ADJ
scannera,NOUN
scanner,NOUN
fotografisku,ADJ
fotografiski,ADJ
reprodukciju,NOUN
reprodukcija,NOUN
zhotowjeć,VERB
jednotliwym,ADJ
jednotliwy,ADJ
móža,VERB
přiručne,ADJ
přiručny,ADJ
knihownje,NOUN
dołhodobne,ADJ
dołhodobny,ADJ
požćonki,NOUN
požćonk,NOUN
přewostajić,VERB
požčonki,NOUN
požčonk,NOUN
njese,VERB
njesć,VERB
wotrjadnika,NOUN
wotrjadnik,NOUN
pomjenowany,ADJ
kolega,NOUN
wupožčować,VERB
wobstatkow,NOUN
biblioteku,NOUN
posłužby,NOUN
posłužba,NOUN
popłatkowemu,ADJ
popłatkowy,ADJ
porjadej,NOUN
wotpowědowacy,ADJ
popłatk,NOUN
wužiwarski,ADJ
nabudźe,VERB
płaćiwosć,NOUN
januara,NOUN
dotalny,ADJ
pismo,NOUN
kompleksniše,ADJ
kompleksny,ADJ
jednotliwe,ADJ
symbole,NOUN
móžachu,VERB
zwuki,NOUN
zwuk,NOUN
respektiwnje,ADV
cyłe,ADJ
sady,NOUN
sada,NOUN
předstajic,VERB
zmóžni,VERB
zmóžnić,VERB
narod,NOUN
gilgamešowym,ADJ
gilgamešowy,ADJ
eposu,NOUN
epos,NOUN
wotbłyšćowaše,VERB
wotbłyšćować,VERB
cyłym,ADJ
był,AUX
žana,DET
wužitych,ADJ
wužity,ADJ
dominowaše,VERB
dominować,VERB
rěčachu,VERB
sumerišćinu,NOUN
sumerišćina,NOUN
akkadšćinu,NOUN
akkadšćina,NOUN
runoprawnje,ADV
lětstotki,NOUN
zasydlowanje,NOUN
rozšěrjowanje,NOUN
najrozdźělnišich,ADJ
rozdźělny,ADJ
aramejskich,ADJ
aramejski,ADJ
kmjenow,NOUN
kmjen,NOUN
płódnym,ADJ
płódny,ADJ
měsačku,NOUN
měsačk,NOUN
činjachu,VERB
činić,VERB
aramejšćinu,NOUN
aramejšćina,NOUN
nawodnej,ADJ
nawodny,ADJ
bliskeho,ADJ
bliski,ADJ
wuchoda,NOUN
jubilejej,NOUN
jubilej,NOUN
słowjanskim,NOUN
słowjanski,ADJ
kontakće,NOUN
kontakt,NOUN
klik,NOUN
horjewotwołowany,ADJ
wopisanjom,NOUN
wopisanje,NOUN
nima,VERB
wotkazować,VERB
stronu,NOUN
dodaš,VERB
dodać,VERB
słowom,NOUN
dwójny,ADJ
kóždychžkuli,DET
kóždyžkuli,DET
formalnosćow,NOUN
formalnosć,NOUN
nowe,NOUN
spisać,VERB
wobdźěłać,VERB
natwarjena,ADJ
zasadach,NOUN
licency,NOUN
tuchwilu,ADV
nastawkow,NOUN
zwostanje,VERB
zwostać,VERB
potajkim,ADV
tójšto,DET
dźěła,NOUN
dźěło,NOUN
nam,PRON
ja,PRON
naša,DET
encyklopedija,NOUN
rostła,VERB
rosć,VERB
hłowne,ADJ
tuž,ADV
najwyšich,ADJ
politiskich,ADJ
institucijow,NOUN
knježerstwa,NOUN
knježerstwo,NOUN
sejma,NOUN
sejm,NOUN
monarcha,NOUN
monarch,NOUN
někotrych,DET
krajach,NOUN
njeje,VERB
runočasnje,ADV
nižozemskej,PROPN
nižozemska,PROPN
amsterdam,PROPN
den,PROPN
haag,PROPN
boliwiskej,PROPN
boliwiska,PROPN
la,PROPN
paz,PROPN
sucre,PROPN
tansaniji,PROPN
tansanija,PROPN
dodoma,PROPN
daressalam,PROPN
statach,NOUN
často,ADV
wšelakorych,ADJ
wšelakory,ADJ
městach,NOUN
zasydlene,ADJ
zasydleny,ADJ
najwažniši,ADJ
hospodarski,ADJ
wobchadny,ADJ
druhej,ADJ
połojcy,NOUN
da,VERB
jednotna,ADJ
jednotny,ADJ
kónčinje,NOUN
zwěsćić,VERB
standardizowany,ADJ
załožk,NOUN
akropolisa,PROPN
akropolis,PROPN
palastom,NOUN
templemi,NOUN
templ,NOUN
srjedźišću,NOUN
srjedźišćo,NOUN
sydlenskeje,ADJ
sydlenski,ADJ
hórki,NOUN
hórka,NOUN
wokalow,NOUN
dźe,VERB
hić,VERB
přechad,NOUN
samsnych,ADJ
samsny,ADJ
werbow,NOUN
rěčach,NOUN
najprjedy,ADV
bórze,ADV
embryo,NOUN
załoži,VERB
maćerskej,ADJ
maćerski,ADJ
rostlinje,NOUN
zawostawa,VERB
teje,DET
tón,DET
zežiwja,VERB
zežiwić,VERB
předstaja,VERB
předstajić,VERB
měrny,ADJ
stadij,NOUN
wjelebańkowy,ADJ
znamješka,NOUN
znamješko,NOUN
pisakami,NOUN
pisak,NOUN
hlinjanych,ADJ
hlinjany,ADJ
taflow,NOUN
tafla,NOUN
zadrapane,ADJ
zadrapany,ADJ
hlinjanej,ADJ
tafli,NOUN
padorune,ADJ
padoruny,ADJ
wodorune,ADJ
wodoruny,ADJ
linije,NOUN
linija,NOUN
ćahachu,VERB
ćahać,VERB
zapisuja,VERB
zapisować,VERB
nastatych,ADJ
nastaty,ADJ
kašćikow,NOUN
kašćik,NOUN
zatłóčujo,VERB
zatłóčować,VERB
třiróžkatym,ADJ
třiróžkaty,ADJ
kónčkom,NOUN
kónčk,NOUN
ćeńkeho,ADJ
ćeńki,ADJ
drjewjaneho,ADJ
drjewjany,ADJ
kuska,NOUN
kusk,NOUN
mjechkeje,ADJ
mjechki,ADJ
hlinjaneje,ADJ
tafle,NOUN
pisachu,VERB
čitachu,VERB
čitać,VERB
wotlěwa,ADV
doprawa,ADV
klinowe,ADJ
klinowy,ADJ
docpě,VERB
docpěć,VERB
dokonjanosć,NOUN
nałožene,ADJ
nałoženy,ADJ
syriskej,PROPN
hetitow,PROPN
hetit,PROPN
diplomatiskich,ADJ
diplomatiski,ADJ
archiwach,NOUN
egyptowskeje,PROPN
wysokoněmske,ADJ
wysokoněmski,ADJ
wein,X
starowysokoněmske,NOUN
wîn,X
winam,X
francoske,ADJ
vin,X
jendźelske,ADJ
jendźelski,ADJ
wine,X
łaćonskeho,ADJ
łaćonski,ADJ
vinum,X
waliziske,ADJ
waliziski,ADJ
gwin,X
irske,ADJ
irski,ADJ
fion,X
samsneho,ADJ
pochada,NOUN
pochad,NOUN
fakt,NOUN
wujasni,VERB
wujasnić,VERB
germanojo,PROPN
german,PROPN
keltojo,PROPN
kelt,PROPN
romjanow,PROPN
romjan,PROPN
wjetšim,ADJ
rozměrje,NOUN
rozměr,NOUN
winje,NOUN
wino,NOUN
dótknjenja,NOUN
dótknjenje,NOUN
přišli,VERB
přińć,VERB
łaćonske,ADJ
přewzali,VERB
přewzać,VERB
štwórćinow,NOUN
štwórćina,NOUN
zemje,NOUN
přikryte,ADJ
přikryty,ADJ
kopicu,NOUN
kopica,NOUN
oceany,NOUN
ocean,NOUN
cirkulacija,NOUN
oceanami,NOUN
powětrom,NOUN
powětr,NOUN
kreěruje,VERB
kreěrować,VERB
wjedro,NOUN
zastupowany,ADJ
nahlad,NOUN
bychu,AUX
pochadowe,ADJ
pochadowy,ADJ
algow,NOUN
alga,NOUN
eksistowali,VERB
morfologiske,ADJ
morfologiski,ADJ
studije,NOUN
studija,NOUN
njeprawdźepodobny,ADJ
prawdźepodobny,ADJ
spóznaty,ADJ
dźensa,ADV
lědma,ADV
wjace,ADV
zastupuje,VERB
zastupować,VERB
molekularnobiologiske,ADJ
molekularnobiologiski,ADJ
njepodeprěje,VERB
podepřeć,VERB
mnohich,ADJ
mnohi,ADJ
wosebje,ADV
propagacija,NOUN
zakazane,ADJ
zakazany,ADJ
najčasćiše,ADJ
časty,ADJ
wjazby,NOUN
silikaty,NOUN
silikat,NOUN
grjeksce,ADV
μεσοποταμία,X
mesopotamia,PROPN
aramejsce,ADV
ܒܝܬܢܗܪܝܢ,X
beth,PROPN
nahrin,PROPN
kurdisce,ADV
mezopotamya,PROPN
arabsce,ADV
بلاد,X
مابين,X
النهرين,X
bilād,PROPN
mā,PROPN
bain,PROPN
an,PROPN
nahrain,PROPN
woznamjenja,VERB
woznamjenjeć,VERB
dwěmaj,NUM
rěkomaj,NOUN
historiskim,ADJ
zmysle,NOUN
zmysl,NOUN
kónčinu,NOUN
dólnych,ADJ
runinow,NOUN
runina,NOUN
tigrisom,PROPN
měšćanske,ADJ
měšćanski,ADJ
staty,NOUN
babylonjanow,PROPN
babylonjan,PROPN
aramejčanow,PROPN
aramejčan,PROPN
ležachu,VERB
technologije,NOUN
technologija,NOUN
efektiwniše,ADJ
efektiwny,ADJ
powodźenje,NOUN
polow,NOUN
polo,NOUN
wuwite,ADJ
wuwity,ADJ
etablěrowane,ADJ
etablěrowany,ADJ
móhli,VERB
rozhałžkowany,ADJ
kanalowy,ADJ
měšniskich,ADJ
měšniski,ADJ
wjerchow,NOUN
wjerch,NOUN
zorganizowany,ADJ
wobtwarjeny,ADJ
templowe,ADJ
templowy,ADJ
lěttysacu,NOUN
knježachu,VERB
knježić,VERB
měšniscy,ADJ
wjerchojo,NOUN
nabožnu,ADJ
nabožny,ADJ
swojich,DET
rukach,NOUN
ruka,NOUN
dźeržachu,VERB
dźeržeć,VERB
organizowachu,VERB
organizować,VERB
kanalizowanje,NOUN
rólnistwo,NOUN
etat,NOUN
identiski,ADJ
knježićela,NOUN
řěkać,VERB
oikosowe,ADJ
oikosowy,ADJ
organizacija,NOUN
trjebaše,VERB
trjebać,VERB
zarjadniski,ADJ
aparat,NOUN
njewólnicy,NOUN
njewólnik,NOUN
dźěłachu,VERB
dźěłać,VERB
dóstachu,VERB
naturalije,NOUN
naturalija,NOUN
priwatne,ADJ
priwatny,ADJ
swójstwo,NOUN
hakle,PART
babylonskej,PROPN
babylonski,ADJ
nasta,VERB
priwatizowali,VERB
priwatizować,VERB
r,VERB
najenk,NOUN
přewza,VERB
dyrbješe,VERB
wukon,NOUN
slěbro,NOUN
přinjesć,VERB
wotpowědne,ADJ
wotpowědny,ADJ
dataje,NOUN
dataja,NOUN
wikimedia,PROPN
commons,PROPN
šlešćina,NOUN
přiwuzna,ADJ
přiwuzny,ADJ
pólskej,ADJ
pólski,ADJ
rěču,NOUN
dialekt,NOUN
pólšćiny,PROPN
pólšćina,NOUN
linguistikow,NOUN
linguistik,NOUN
wotwažowana,ADJ
wotwažowany,ADJ
ratarjo,NOUN
ratar,NOUN
wuměnjachu,VERB
wuměnjeć,VERB
produkty,NOUN
produkt,NOUN
žiwidła,NOUN
žiwidło,NOUN
tekstilije,NOUN
tekstilija,NOUN
temple,NOUN
měšnicy,NOUN
měšnik,NOUN
mějachu,VERB
wliwa,NOUN
wliw,NOUN
dopušći,VERB
dopušćić,VERB
financowaše,VERB
financować,VERB
tributy,NOUN
tribut,NOUN
dawki,NOUN
dawk,NOUN
ležownosće,NOUN
ležownosć,NOUN
wobsydstwje,NOUN
wobsydstwo,NOUN
zemjanskich,ADJ
zemjanski,ADJ
swójbow,NOUN
ratarjow,NOUN
wotwisnym,ADJ
wotwisny,ADJ
lěpšinu,NOUN
lěpšina,NOUN
pódźe,NOUN
póda,NOUN
wono,PRON
bjezdawkowe,ADJ
bjezdawkowy,ADJ
pódy,NOUN
wobsedźechu,VERB
zemjanske,ADJ
swójby,NOUN
wulke,ADJ
wikowanske,ADJ
předewzaća,NOUN
korjenjowu,ADJ
korjenjowy,ADJ
zeleninu,NOUN
zelenina,NOUN
picowansku,ADJ
picowanski,ADJ
rostlinu,NOUN
kultiwuje,VERB
kultiwować,VERB
murna,ADJ
murny,ADJ
łočica,NOUN
mycelis,X
muralis,X
rjenje,ADV
widźeć,VERB
pjeć,NUM
krónowych,ADJ
krónowy,ADJ
kónčki,NOUN
žołtych,ADJ
cygomorfnych,ADJ
cygomorfny,ADJ
jazykowych,ADJ
jazykowy,ADJ
kćenjow,NOUN
dwudźělne,ADJ
dwudźělny,ADJ
pěsty,NOUN
pěst,NOUN
pěstkow,NOUN
pěstk,NOUN
cichorioideae,X
internet,NOUN
nastateho,ADJ
arpaneta,PROPN
arpanet,PROPN
wušoł,VERB
wuńć,VERB
advanced,X
research,X
project,X
agency,X
arpa,PROPN
zakitowanskeho,ADJ
zakitowanski,ADJ
ministerstwa,NOUN
ministerstwo,NOUN
zjednoćenych,ADJ
ameriki,PROPN
amerika,PROPN
rotaciska,ADJ
rotaciski,ADJ
wóska,NOUN
zrunana,ADJ
zrunany,ADJ
ekliptice,NOUN
ekliptika,NOUN
padorunje,ADV
nuhel,NOUN
zawinuje,VERB
zawinować,VERB
fenomen,NOUN
měnjacych,ADJ
měnjacy,ADJ
počasow,NOUN
počas,NOUN
konstantna,ADJ
konstantny,ADJ
wariěruje,VERB
wariěrować,VERB
periodźe,NOUN
perioda,NOUN
lětow,NOUN
wobwliwujo,VERB
wobwliwować,VERB
klimat,NOUN
zmjeńšuje,VERB
zmjeńšować,VERB
budźe,VERB
srjedźnu,ADJ
srjedźny,ADJ
hódnotu,NOUN
hódnota,NOUN
docpěwać,VERB
lěće,NOUN
minimalnu,ADJ
minimalny,ADJ
dwulětnym,ADJ
dwulětny,ADJ
rytmusu,NOUN
rytmus,NOUN
poskićuje,VERB
poskićować,VERB
wěstym,ADJ
dnju,ADJ
nalěću,NOUN
nalěćo,NOUN
hornjołužiskej,ADJ
hornjołužiski,ADJ
koncentrowany,ADJ
dohlad,NOUN
slědźenjow,NOUN
rozdźěl,NOUN
zarjadowanjow,NOUN
zarjadowanje,NOUN
wotběži,VERB
wotběžeć,VERB
tradicionelny,ADJ
institutny,ADJ
cyle,ADV
hornjo,ADJ
wobroći,VERB
specielnje,ADV
inteligencu,NOUN
inteligenca,NOUN
termin,NOUN
swjatkowna,ADJ
swjatkowny,ADJ
póndźela,NOUN
sakskich,ADJ
sakski,ADJ
dźerža,VERB
přednoškow,NOUN
wšelakim,ADJ
temam,NOUN
tema,NOUN
sćěhuje,VERB
sćěhować,VERB
krótka,ADJ
krótki,ADJ
diskusija,NOUN
popołdnju,ADV
zajimcow,NOUN
zajimc,NOUN
wotewrjenych,ADJ
duri,NOUN
durje,NOUN
wopytowarjam,NOUN
wopytowar,NOUN
zarjadowanja,NOUN
domje,NOUN
steji,VERB
runje,ADV
wućišćana,ADJ
wućišćany,ADJ
dźěłowa,ADJ
rozprawa,NOUN
cuzych,ADJ
cuzy,ADJ
zajimawa,ADJ
zajimawy,ADJ
swojoraznosć,NOUN
wobsteji,VERB
wobstać,VERB
dalša,ADJ
awtochtona,ADJ
awtochtony,ADJ
serbšćina,NOUN
słuša,VERB
słowjanskich,ADJ
najbliže,ADV
čěšćinu,NOUN
čěšćina,NOUN
pólšćinu,NOUN
słowakšćinu,NOUN
słowakšćina,NOUN
kotrymiž,DET
skupinu,NOUN
zapadnosłowjanskich,ADJ
zapadnosłowjanski,ADJ
němske,ADJ
nju,PRON
trjeba,VERB
tradicionelnje,ADV
sorbisch,X
wuraz,NOUN
wendisch,X
dźělach,NOUN
hornjeje,ADJ
delnjeje,ADJ
wužiwa,VERB
hinaša,ADJ
hinaši,ADJ
situacija,NOUN
dźensnišich,ADJ
saksko,PROPN
anhaltska,PROPN
durinska,PROPN
mecklenburgsko,PROPN
předpomorska,PROPN
sydlachu,VERB
sydlić,VERB
něhdy,ADV
słowjanske,ADJ
kmjeny,NOUN
dialekty,NOUN
nětčiša,ADJ
nětčiši,ADJ
jenički,ADJ
dźensnišeho,ADJ
zachowany,ADJ
idiom,NOUN
litawska,PROPN
litawski,ADJ
edita,PROPN
niciūtė,PROPN
režiser,NOUN
raimundas,PROPN
eimontas,PROPN
staj,AUX
widejoklipaj,NOUN
widejoklip,NOUN
recitacijemi,NOUN
recitacija,NOUN
klemenowych,ADJ
klemenowy,ADJ
basnjow,NOUN
baseń,NOUN
nahrawałoj,VERB
nahrawać,VERB
wobě,DET
nahrawani,NOUN
nahrawanje,NOUN
móžeće,VERB
sej,PRON
slědowacym,ADJ
wotkazom,NOUN
wobhladać,VERB
oceanija,PROPN
woznamjenjenje,NOUN
kulturelne,ADJ
hospodarske,ADJ
zjeće,NOUN
kupoweho,ADJ
kupowy,ADJ
pacifika,PROPN
pacifik,PROPN
ke,ADP
kontinentej,NOUN
kontinent,NOUN
definicija,NOUN
tektonisce,ADV
prawy,ADJ
teritorije,NOUN
awstralskej,ADJ
awstralski,ADJ
pacifiskej,ADJ
pacifiski,ADJ
mjeńšich,ADJ
platach,NOUN
plata,NOUN
leža,VERB
wobhladany,ADJ
najmjeńši,ADJ
twjerdźowej,ADJ
twjerdźowy,ADJ
masy,NOUN
masa,NOUN
nastupanju,NOUN
nastupanje,NOUN
wobydlerstwa,NOUN
kupow,NOUN
kupa,NOUN
wobsahuja,VERB
hromadźe,ADV
twjerdźowu,ADJ
přestrjeń,NOUN
mio,NUM
kwadratowych,ADJ
kwadratowy,ADJ
kilometrow,NOUN
kilometer,NOUN
mórskim,ADJ
mórski,ADJ
teritoriju,NOUN
tych,DET
wobsydlene,ADJ
wobsydleny,ADJ
cyłkownje,ADV
wobydla,VERB
wobydlić,VERB
čłowjekow,NOUN
cyłkowna,ADJ
redakcija,NOUN
bibliografije,NOUN
franc,PROPN
šěn,PROPN
prěnju,ADJ
bibliografiju,NOUN
wothladamy,VERB
wothladać,VERB
li,SCONJ
zapisow,NOUN
serbskich,ADJ
ćišćow,NOUN
ćišć,NOUN
lětstotka,NOUN
zestaja,VERB
zestajeć,VERB
jakub,PROPN
wjacsławk,PROPN
krajny,ADJ
bibliotekar,NOUN
drježdźanach,PROPN
slawist,NOUN
max,PROPN
vasmer,PROPN
wuda,VERB
wudać,VERB
ju,PRON
berlinje,PROPN
berlin,PROPN
rozšěrjeny,ADJ
nakł,NOUN
nakładnistwo,NOUN
wuchadźa,VERB
wuchadźeć,VERB
prawidłownje,ADV
wjacelětnych,ADJ
wjacelětny,ADJ
zwjazkach,NOUN
ludowym,ADJ
nakładnistwje,NOUN
domowina,PROPN
ćišćanej,ADJ
ćišćany,ADJ
lětne,ADJ
lětny,ADJ
wuběrkowe,ADJ
wuběrkowy,ADJ
spřistupnjeja,VERB
spřistupnjeć,VERB
50tych,ADJ
50ty,ADJ
lětopisu,NOUN
interneće,NOUN
serbskorěčne,ADJ
title,NOUN
rozprawja,VERB
druhorěčnych,ADJ
druhorěčny,ADJ
publikacijach,NOUN
publikacija,NOUN
wobsahowym,ADJ
poćahom,NOUN
poćah,NOUN
serbam,PROPN
historisce,ADV
zapřijatemu,ADJ
zapřijaty,ADJ
serbskemu,ADJ
sydlenskemu,ADJ
rumej,NOUN
rum,NOUN
wosobinam,NOUN
wosobina,NOUN
koncentruje,VERB
koncentrować,VERB
regionalnohistoriske,ADJ
regionalnohistoriski,ADJ
wobłuki,NOUN
přiroda,NOUN
atd,ADV
wobkedźbuja,VERB
saksku,ADJ
braniborsku,ADJ
braniborski,ADJ
zapisuje,VERB
brošurki,NOUN
brošurka,NOUN
audiowizuelne,ADJ
audiowizuelny,ADJ
njesamostatnje,ADV
wuchadźace,ADJ
wuchadźacy,ADJ
přinoški,NOUN
přinošk,NOUN
zběrnikach,NOUN
zběrnik,NOUN
časopisach,NOUN
wobšěrniše,ADJ
wobšěrny,ADJ
tydźenikach,NOUN
tydźenik,NOUN
dźenikach,NOUN
dźenik,NOUN
recensije,NOUN
recensija,NOUN
internetowa,ADJ
internetowy,ADJ
wersija,NOUN
skića,VERB
skićić,VERB
přistup,NOUN
kompletny,ADJ
wobsah,NOUN
knižnych,ADJ
zwjazkow,NOUN
wuběrk,NOUN
sorabistiskich,ADJ
sorabistiski,ADJ
titlow,NOUN
sukcesiwnje,ADV
zadźěła,VERB
zadźěłać,VERB
zažnišich,ADJ
dotal,ADV
bart,PROPN
ćišinski,PROPN
wobnowjer,NOUN
oktobra,NOUN
oktober,NOUN
zemrěł,VERB
zemrěć,VERB
klasikar,NOUN
sorabistiku,NOUN
sorabistika,NOUN
načasneho,ADJ
načasny,ADJ
hladanja,NOUN
hladanje,NOUN
pohódnoćić,VERB
poćahowy,ADJ
předstajenju,NOUN
předstajenje,NOUN
wujasnjenju,NOUN
wujasnjenje,NOUN
moderny,NOUN
moderna,NOUN
wobmjezowany,ADJ
fundus,NOUN
sekundarneje,ADJ
sekundarny,ADJ
kotrymž,DET
přepytownja,NOUN
přepytownje,NOUN
interpretacije,NOUN
interpretacija,NOUN
rědke,ADJ
rědki,ADJ
njemóže,VERB
spokojić,VERB
literarne,ADJ
literarny,ADJ
cyłku,NOUN
cyłk,NOUN
přistupne,ADJ
přistupny,ADJ
klemenowa,ADJ
prěna,ADJ
prěny,ADJ
elektroniska,ADJ
elektroniski,ADJ
vilnius,PROPN
wuńdźe,VERB
jendźelskej,ADJ
shaya,PROPN
shay,PROPN
wooda,PROPN
wood,PROPN
přełožena,ADJ
přełoženy,ADJ
rysowanka,NOUN
titlowej,ADJ
titlowy,ADJ
stronje,NOUN
słowjenskeho,ADJ
słowjenski,ADJ
molerja,NOUN
moler,NOUN
arjana,PROPN
arjan,PROPN
pregelja,PROPN
pregelj,PROPN
klemenowu,ADJ
třeću,ADJ
zběrkow,NOUN
mišter,NOUN
spowědnym,ADJ
spowědny,ADJ
stole,NOUN
stoł,NOUN
ilustrował,VERB
ilustrować,VERB
knihu,NOUN
kindle,PROPN
formaće,NOUN
format,NOUN
prc,X
administratorojo,NOUN
administrator,NOUN
oficialni,ADJ
zastupnicy,NOUN
zastupnik,NOUN
foundation,PROPN
kotrejež,DET
serwerach,NOUN
serwer,NOUN
st,PROPN
petersburg,PROPN
florida,PROPN
projekty,NOUN
woni,PRON
dowěrja,VERB
dowěrjeć,VERB
rozšěrjene,ADJ
funkcije,NOUN
wušmórnyć,VERB
škitać,VERB
škit,NOUN
blokować,VERB
dobro,NOUN
projekta,NOUN
dlěši,ADJ
tekst,NOUN
molekul,NOUN
dweju,NUM
wodźikoweju,ADJ
atomow,NOUN
jedneho,NUM
kislikoweho,ADJ
kislikowy,ADJ
atoma,NOUN
geometrisce,ADV
kutny,ADJ
wotpowěduje,VERB
wotpowědować,VERB
vsepr,X
teoriji,NOUN
teorija,NOUN
ab2e2,X
typej,NOUN
typ,NOUN
atomaj,NOUN
wodźika,NOUN
wodźik,NOUN
poraj,NOUN
por,NOUN
elektronow,NOUN
elektron,NOUN
přesunjenej,ADJ
přesunjeny,ADJ
róžkow,NOUN
róžk,NOUN
předstajeneho,ADJ
předstajeny,ADJ
tetraedra,NOUN
tetraedr,NOUN
o,X
wjazbaj,NOUN
začinitej,VERB
začinić,VERB
nastanje,VERB
wulkeje,ADJ
potrjeby,NOUN
potrjeba,NOUN
rumje,NOUN
swobodnych,ADJ
porow,NOUN
elekronow,NOUN
elekron,NOUN
idealneho,ADJ
idealny,ADJ
tetraedroweho,ADJ
tetraedrowy,ADJ
nuhela,NOUN
pikometrow,NOUN
pikometer,NOUN
barack,PROPN
hussein,PROPN
obama,PROPN
honolulu,PROPN
prezident,NOUN
afroameričan,PROPN
tej,DET
poziciji,NOUN
pozicija,NOUN
srjedu,NOUN
srjeda,NOUN
wotměje,VERB
wotměć,VERB
wobłuku,NOUN
wojerowskeho,ADJ
wojerowski,ADJ
wuměłskeho,ADJ
wuměłski,ADJ
temje,NOUN
skerje,ADV
rozbije,VERB
rozbić,VERB
předsudk,NOUN
stereotypy,NOUN
stereotyp,NOUN
bywša,ADJ
bywši,ADJ
doktorandka,NOUN
insituta,NOUN
insitut,NOUN
katharina,PROPN
elina,PROPN
předstaji,VERB
slědźerske,ADJ
wuslědki,NOUN
wuslědk,NOUN
swojeje,DET
disertacije,NOUN
disertacija,NOUN
započatk,NOUN
šleski,ADJ
alfabet,NOUN
rěčnicy,NOUN
rěčnik,NOUN
šlešćiny,NOUN
wužiwali,VERB
pólskimi,ADJ
pismikami,NOUN
pismik,NOUN
wunamakował,VERB
wunamakować,VERB
šleskich,ADJ
pismow,NOUN
šleskej,ADJ
wikipediji,NOUN
stari,ADJ
gramatikarjo,NOUN
gramatikar,NOUN
sanskrita,NOUN
sanskrit,NOUN
wuchadźachu,VERB
zhubjenskeho,ADJ
zhubjenski,ADJ
schodźenka,NOUN
zakładny,ADJ
połny,ADJ
guṇa,PROPN
stopjeń,NOUN
podlěšenski,NOUN
vṛddhi,PROPN
róst,NOUN
słowniki,NOUN
korjenjach,NOUN
korjeń,NOUN
hesło,NOUN
ā,X
i,NUM
ī,X
u,X
ū,X
diftongow,NOUN
e,X
ai,X
połwokale,NOUN
połwokal,NOUN
y,X
v,X
jewja,VERB
jewić,VERB
sonantnej,ADJ
sonantny,ADJ
likwidaj,NOUN
likwid,NOUN
ṛ,X
ḷ,X
nazalaj,NOUN
nazal,NOUN
móžetej,VERB
wokalisku,ADJ
wokaliski,ADJ
kislika,NOUN
poměrje,NOUN
drobnych,ADJ
drobny,ADJ
ćežku,ADJ
wodu,NOUN
subkontinenće,NOUN
subkontinent,NOUN
prěnjorjadnje,ADV
dešćoweho,ADJ
dešćowy,ADJ
monsuna,NOUN
monsun,NOUN
wotwisne,ADJ
započina,VERB
započinać,VERB
meje,NOUN
mej,NOUN
přibrjohu,NOUN
přibrjoh,NOUN
keraly,PROPN
kerala,PROPN
juhozapadźe,NOUN
juhozapad,NOUN
indiskeje,PROPN
połkupy,NOUN
połkupa,NOUN
ćehnje,VERB
ćahnyć,VERB
přichodneho,ADJ
přichodny,ADJ
połdra,NUM
sewjerowuchodnym,ADJ
směrje,NOUN
směr,NOUN
němčiny,NOUN
němčina,NOUN
ei,X
běłe,ADJ
běły,ADJ
rědko,ADV
nažołć,ADV
běle,ADJ
róžojte,ADJ
róžojty,ADJ
wutworja,VERB
wokołk,NOUN
wjelbowany,ADJ
płony,ADJ
dźiwjeje,ADJ
dźiwi,ADJ
morchwje,NOUN
morchwja,NOUN
wokołka,NOUN
ćmowočerwjenje,ADV
čornopurpurowje,ADV
barbjene,ADJ
barbjeny,ADJ
rědšo,ADV
dźiwjej,ADJ
morchwi,NOUN
wustupuje,VERB
wustupować,VERB
młodokamjentneje,ADJ
młodokamjentny,ADJ
dopokazana,ADJ
dopokazany,ADJ
tropiski,ADJ
mjezuje,VERB
mjezować,VERB
gowu,PROPN
gowa,PROPN
sewjerozapadźe,NOUN
sewjerozapad,NOUN
maharaštru,PROPN
maharaštra,PROPN
sewjeru,NOUN
sewjer,NOUN
andrapradešom,PROPN
andrapradeš,PROPN
tamil,PROPN
nadu,PROPN
keralu,PROPN
zapadźe,NOUN
zapad,NOUN
pobrjóh,NOUN
arabskeho,ADJ
přirodna,ADJ
architektoniski,ADJ
pokrok,NOUN
kulojte,ADJ
bydlišća,NOUN
bydlišćo,NOUN
přeměnjachu,VERB
přeměnjeć,VERB
róžkatych,ADJ
róžkaty,ADJ
domow,NOUN
wjacorymi,ADJ
rumnosćemi,NOUN
disponowachu,VERB
disponować,VERB
žitne,ADJ
žitny,ADJ
zbytki,NOUN
zbytk,NOUN
silach,NOUN
silo,NOUN
pokazuja,VERB
ratarkse,ADJ
ratarski,ADJ
činitosće,NOUN
činitosć,NOUN
domy,NOUN
kotrychž,DET
čłowjeske,ADJ
čłowjeski,ADJ
namkane,ADJ
namkany,ADJ
stil,NOUN
specialny,ADJ
podobnosće,NOUN
podobnosć,NOUN
kult,NOUN
mortwych,ADJ
mortwy,ADJ
jericha,PROPN
jericho,PROPN
pochadźeja,VERB
pochadźeć,VERB
dokłady,NOUN
dokład,NOUN
keramiku,NOUN
keramika,NOUN
objekty,NOUN
měnjace,ADJ
motiwy,NOUN
motiw,NOUN
techniki,NOUN
technika,NOUN
wuwiwanski,ADJ
palena,ADJ
paleny,ADJ
hlina,NOUN
prehistoriskimi,ADJ
prehistoriski,ADJ
modelemi,NOUN
hornčerskeje,ADJ
hornčerski,ADJ
tačele,NOUN
tačel,NOUN
symjenjow,NOUN
muka,NOUN
zhotowja,VERB
přidawk,NOUN
chlěbpječenju,NOUN
chlěbpječenje,NOUN
najnuzniša,ADJ
nuzny,ADJ
substanca,NOUN
kajkosće,NOUN
jara,ADV
dobra,ADJ
dobry,ADJ
rozpušćadło,NOUN
sylnu,ADJ
powjerchowu,ADJ
powjerchowy,ADJ
napjatosć,NOUN
čerstwa,ADJ
čerstwy,ADJ
najhusćiša,ADJ
hustosć,NOUN
wotewza,VERB
wotewzać,VERB
mjerznje,VERB
mjerznyć,VERB
zhrěje,VERB
zhrěć,VERB
stabilny,ADJ
našej,DET
atmosferje,NOUN
atmosfera,NOUN
hra,VERB
wažnu,ADJ
absorbowadło,NOUN
ultrawioletneho,ADJ
ultrawioletny,ADJ
promjenjenja,NOUN
promjenjenje,NOUN
wysoku,ADJ
specifisku,ADJ
specifiski,ADJ
ćopłotu,NOUN
ćopłota,NOUN
stabilizuje,VERB
stabilizować,VERB
klimu,NOUN
klima,NOUN
swěće,NOUN
antologija,NOUN
słowjenskich,ADJ
krótkopowědančkow,NOUN
krótkopowědančko,NOUN
auksas,X
kišenėje,X
złoto,NOUN
zaku,NOUN
zak,NOUN
wobsahujo,VERB
stawiznu,NOUN
litawskej,PROPN
pralěsowej,ADJ
pralěsowy,ADJ
sewjerowuchodźe,NOUN
sewjerowuchod,NOUN
bengaliskej,ADJ
bengaliski,ADJ
nižiny,NOUN
nižina,NOUN
ćežkim,ADJ
powodźenjam,NOUN
přińdź,VERB
kromje,NOUN
kromja,NOUN
himalaje,PROPN
himalaj,PROPN
wotwalenja,NOUN
wotwalenje,NOUN
hory,NOUN
zrědka,ADV
septembra,NOUN
september,NOUN
přewažnje,ADV
dešća,NOUN
dešć,NOUN
traje,NUM
dalšej,ADJ
měsacaj,NOUN
mróčele,NOUN
mróčel,NOUN
južnym,ADJ
južny,ADJ
dekkanje,PROPN
dekkan,PROPN
zminu,VERB
zminyć,VERB
chronologija,NOUN
zepěra,VERB
zepěrać,VERB
assyrisku,ADJ
lisćinu,NOUN
eponymow,NOUN
eponym,NOUN
chroniku,NOUN
chronika,NOUN
synchronizmow,NOUN
synchronizm,NOUN
najwjace,ADV
babylonskich,ADJ
sumeriskej,ADJ
sumeriski,ADJ
lisćinje,NOUN
zasunyć,VERB
babylonska,PROPN
lětnje,ADV
mjěna,NOUN
wažnym,ADJ
podawkom,NOUN
podawk,NOUN
krala,NOUN
kurigalzu,PROPN
wužiwachu,VERB
referencu,NOUN
referenca,NOUN
ameriski,ADJ
fiction,X
fix,X
wozjewi,VERB
wozjewić,VERB
pushcart,PROPN
myto,NOUN
myt,NOUN
nominowane,ADJ
nominowany,ADJ
něhdyšej,ADJ
něhdyši,ADJ
romskej,ADJ
romski,ADJ
protyce,NOUN
protyka,NOUN
dźesaty,ADJ
přir,NOUN
łać,ADV
decem,X
dźesać,NUM
dnjow,NOUN
trajaceho,ADJ
trajacy,ADJ
měsačkoweho,ADJ
měsačkowy,ADJ
kalendra,NOUN
kalender,NOUN
krystusa,PROPN
krystus,PROPN
doprědka,ADV
sćahny,VERB
sćahnyć,VERB
mjenom,NOUN
ličenjom,NOUN
ličenje,NOUN
wotpadny,VERB
wotpadnyć,VERB
citaty,NOUN
citat,NOUN
prawopisnje,ADV
adaptuja,VERB
adaptować,VERB
wobchowaja,VERB
uballit,PROPN
om,PROPN
dobywanja,NOUN
dobywanje,NOUN
wjeźechu,VERB
wjesć,VERB
hospodarskemu,ADJ
rozmachej,NOUN
rozmach,NOUN
tukulti,PROPN
ninurta,PROPN
zrozumi,VERB
zrozumić,VERB
boha,NOUN
boh,NOUN
štyrjoch,NUM
zemjedźělow,NOUN
zemjedźěl,NOUN
smjerću,NOUN
mjenowane,ADJ
srjedźoassyriske,ADJ
srjedźoassyriski,ADJ
skónči,VERB
federacija,NOUN
wutworjena,ADJ
wutworjeny,ADJ
dźewjeć,NUM
narodnostnych,ADJ
narodnostny,ADJ
wužiwaj,VERB
rq,PROPN
awtomatisce,ADV
kategorija,NOUN
zarodk,NOUN
botanice,NOUN
doda,VERB
runinach,NOUN
srjedźneje,ADJ
najwuznamniše,ADJ
městnosće,NOUN
městnosć,NOUN
sippar,PROPN
dur,PROPN
opis,PROPN
rěku,NOUN
dijala,PROPN
delnjeho,ADJ
zaba,PROPN
zab,PROPN
wobmjezowana,ADJ
plahowachu,VERB
planować,VERB
žito,NOUN
najwažniša,ADJ
hospodarska,ADJ
hałza,NOUN
zhotowjenje,NOUN
smoły,NOUN
smoła,NOUN
kołmaza,NOUN
kołmaz,NOUN
regionje,NOUN
někotři,DET
listowany,ADJ
namjet,NOUN
podpěruja,VERB
podpěrować,VERB
nastawkej,NOUN
přidać,VERB
kapitla,NOUN
ekscelentnych,ADJ
biografiji,NOUN
biografija,NOUN
achejmenidźa,NOUN
achejmenid,NOUN
dobywachu,VERB
mału,ADJ
aziju,PROPN
azija,PROPN
zawostaji,VERB
zawostajić,VERB
cyrus,PROPN
ii,NUM
proklamaciju,NOUN
proklamacija,NOUN
cyrusowym,ADJ
cyrusowy,ADJ
cylindrje,NOUN
cylinder,NOUN
mócnje,ADV
ekspandowaceho,ADJ
ekspandowacy,ADJ
mócnarstwowa,ADJ
mócnarstwowy,ADJ
dobywaše,VERB
aleksander,PROPN
persiske,ADJ
wójnski,ADJ
wjednik,NOUN
seleukos,PROPN
dynastiju,NOUN
seleukidow,PROPN
seleukid,PROPN
dobre,ADJ
rozpušćuje,VERB
rozpušćić,VERB
substancow,NOUN
sele,NOUN
sel,NOUN
cokory,NOUN
cokor,NOUN
wolóžuje,VERB
wolóžować,VERB
chemiske,ADJ
wzajomne,ADJ
wzajomny,ADJ
skutkowanje,NOUN
pomha,VERB
kompleksne,ADJ
matabolizmy,NOUN
matabolizm,NOUN
najebać,ADP
někajke,DET
někajki,DET
substancy,NOUN
njederje,ADV
derje,ADV
měšeja,VERB
měšeć,VERB
inkluziwnje,ADP
wolijow,NOUN
wolij,NOUN
hydrofobnych,ADJ
hydrofobny,ADJ
membrany,NOUN
membrana,NOUN
starosćiwje,ADV
kontrolowali,VERB
kontrolować,VERB
wobsahami,NOUN
eksternymi,ADJ
eksterny,ADJ
chemiskimi,ADJ
wěcami,NOUN
wěc,NOUN
tróšku,ADV
powjerchoweje,ADJ
napjatosće,NOUN
wolóžowane,ADJ
wolóžowany,ADJ
knježeše,VERB
šamši,PROPN
adad,PROPN
wjetše,ADJ
prěnjej,ADJ
rozpada,VERB
rozpadać,VERB
staroassyriske,ADJ
staroassyriski,ADJ
salzburgske,ADJ
salzburgski,ADJ
stare,ADJ
altstadt,PROPN
barokowu,ADJ
barokowy,ADJ
architekturu,NOUN
architektura,NOUN
oficielnje,ADV
swětowemu,ADJ
namrěwstwu,NOUN
namrěwstwo,NOUN
unesco,PROPN
přełožić,VERB
přełožk,NOUN
namjetuje,VERB
namjetować,VERB
započnje,VERB
samsnym,ADJ
dnjom,NOUN
tydźenja,NOUN
tydźeń,NOUN
dožiwi,VERB
dožiwić,VERB
kralom,NOUN
danom,PROPN
dan,PROPN
iii,NUM
aramejske,ADJ
poněčim,ADV
přejimachu,VERB
přejimać,VERB
nastawkami,NOUN
ekscelentne,ADJ
detailach,NOUN
detail,NOUN
wotměja,VERB
tudyšej,DET
tudyši,DET
diskusijnej,ADJ
diskusijny,ADJ
wobydlerjo,NOUN
ličenske,ADJ
ličenski,ADJ
kamuški,NOUN
kamuška,NOUN
wšědneho,ADJ
wšědny,ADJ
dni,ADJ
rozrostowace,ADJ
rozrostowacy,ADJ
wjedźeše,VERB
wjedźeć,VERB
wuwiću,NOUN
wuwiće,NOUN
klinoweho,ADJ
pisma,NOUN
zestaji,VERB
zestajić,VERB
wobrazowych,ADJ
wobrazowy,ADJ
symbolow,NOUN
pozdźišo,ADV
pozdźe,ADV
abstrakniše,ADJ
abstraktny,ADJ
ludźi,NOUN
njemóžeše,VERB
słužby,NOUN
słužba,NOUN
pisarjow,NOUN
pisar,NOUN
sta,NUM
nahladnej,ADJ
nahladny,ADJ
wosobu,NOUN
wosoba,NOUN
towaršnosći,NOUN
towaršnosć,NOUN
wjednistwom,NOUN
wjednistwo,NOUN
nacionalsocialisća,NOUN
nacionalsocialist,NOUN
zawjedowali,VERB
zawjedować,VERB
němskim,ADJ
reichu,NOUN
diktaturu,NOUN
diktatura,NOUN
dachu,VERB
opoziciske,ADJ
opoziciski,ADJ
zakazować,VERB
politiske,ADJ
přećiwnicy,NOUN
přećiwnik,NOUN
přesćěhać,VERB
zamordować,VERB
rozputachu,VERB
rozputać,VERB
druhu,ADJ
swětowu,ADJ
wójnu,NOUN
systematisce,ADV
wšitke,DET
wšitki,DET
rubachu,VERB
rubać,VERB
zamordowachu,VERB
europskich,ADJ
europski,ADJ
židow,PROPN
žid,PROPN
hinaše,ADJ
religiozne,ADJ
religiozny,ADJ
etniske,ADJ
etniski,ADJ
towaršnostne,ADJ
towaršnostny,ADJ
skupiny,NOUN
politika,NOUN
zahinychu,VERB
zahinyć,VERB
wulkich,ADJ
rozbiwanej,ADJ
rozbiwany,ADJ
bipolarneho,ADJ
bipolarny,ADJ
swětoweho,ADJ
porjada,NOUN
horceje,ADJ
horcy,ADJ
korsika,PROPN
francosce,ADV
corse,PROPN
korsiksce,ADV
corsica,PROPN
štwórta,ADJ
štwórty,ADJ
najwjetša,ADJ
srjedźneho,ADJ
francoskej,PROPN
francoska,PROPN
km,NOUN
sto,NUM
tysac,NUM
chce,VERB
stworić,VERB
najwjetšu,ADJ
wjelerěčnu,ADJ
wjelerěčny,ADJ
wšitkim,DET
přistupnu,ADJ
online,ADJ
onliny,ADJ
encyklopediju,NOUN
encyklopedije,NOUN
kajkosćow,NOUN
předmjet,NOUN
metoda,NOUN
rozrjadowanje,NOUN
nastaća,NOUN
nastaće,NOUN
definować,VERB
předstajichu,VERB
woznamy,NOUN
woznam,NOUN
kombinowachu,VERB
kombinować,VERB
předstajili,VERB
jěsć,VERB
symbolej,NOUN
huba,NOUN
chlěb,NOUN
wobrazowe,ADJ
dowolić,VERB
ludźom,NOUN
wšědne,ADJ
wěcy,NOUN
lěpje,ADV
wutrobnje,ADV
přeprošeny,ADJ
prašenja,NOUN
prašenje,NOUN
korčmje,NOUN
korčmja,NOUN
stajić,VERB
bjesadu,NOUN
bjesada,NOUN
zasady,NOUN
směrnicy,NOUN
směrnica,NOUN
prawidła,NOUN
prawidło,NOUN
pokiwy,NOUN
pokiw,NOUN
našim,DET
pomocnym,ADJ
systemje,NOUN
leidenska,ADJ
leidenski,ADJ
najstarša,ADJ
wosomdźesatlětneje,ADJ
wosomdźesatlětny,ADJ
španiskej,PROPN
španiska,PROPN
woblěhowane,ADJ
woblěhowany,ADJ
geuzen,PROPN
wuswobodźeny,ADJ
princ,NOUN
wilhelm,PROPN
oranski,PROPN
leidenčanam,PROPN
leidenčan,PROPN
spjećowanje,NOUN
španičanam,PROPN
španičan,PROPN
uniwersitu,NOUN
twarjenje,NOUN
uniwersity,NOUN
rapenburgu,PROPN
rapenburg,PROPN
najrjeńšim,ADJ
rjany,ADJ
kanalu,NOUN
kanal,NOUN
leidena,PROPN
leiden,PROPN
klóšterska,ADJ
klóšterski,ADJ
cyrkej,NOUN
twarjenja,NOUN
hortus,PROPN
botanicus,PROPN
botaniska,ADJ
botaniski,ADJ
zahroda,NOUN
ta,DET
rjanu,ADJ
rostlinarnju,NOUN
rostlinarnja,NOUN
rostliny,NOUN
kćěja,VERB
kćěć,VERB
wobrazy,NOUN
napismami,NOUN
napismo,NOUN
wotkazami,NOUN
doporučena,ADJ
doporučeny,ADJ
syćowym,ADJ
syćowy,ADJ
wobhladowakach,NOUN
wobhladowak,NOUN
njeprawe,ADJ
prawe,ADJ
pokazaja,VERB
mjenowaneje,ADJ
móžnosće,NOUN
słuži,VERB
kartu,NOUN
karta,NOUN
fußball,X
wm,X
wotměł,VERB
synchronizmy,NOUN
zemrě,VERB
hammurabi,PROPN
ammiṣaduqa,PROPN
ammiṣaduq,PROPN
stupjenju,NOUN
stupjenje,NOUN
připadny,VERB
připadnyć,VERB
šamšu,PROPN
ditana,PROPN
ditan,PROPN
hetitam,PROPN
muršili,PROPN
wobkedźbowanjow,NOUN
wobkedźbowanje,NOUN
wenusy,PROPN
wenus,PROPN
spytachu,VERB
absolutne,ADJ
absolutny,ADJ
daty,NOUN
wotwodźić,VERB
wospjetowaše,VERB
wospjetować,VERB
wosme,ADJ
wosmy,ADJ
zaćmićomaj,NOUN
zaćmiće,NOUN
měsačka,NOUN
indiskej,PROPN
wjetšina,NOUN
indičanow,PROPN
indičan,PROPN
indoariske,ADJ
indoariski,ADJ
rěče,NOUN
hindi,PROPN
juhu,NOUN
juh,NOUN
drawidske,ADJ
drawidski,ADJ
rěča,VERB
tamilsce,ADV
připóznate,ADJ
připóznaty,ADJ
ernesto,PROPN
che,PROPN
guevara,PROPN
jendź,ADV
interconnected,X
zwjazowane,ADJ
zwjazowany,ADJ
networks,X
syće,NOUN
syć,NOUN
elektroniske,ADJ
zwjazanje,NOUN
ličakowymi,ADJ
ličakowy,ADJ
syćemi,NOUN
cilom,NOUN
cil,NOUN
zhotowić,VERB
zwjazanja,NOUN
jednotliwymi,ADJ
ličakami,NOUN
ličak,NOUN
wuměnić,VERB
wuměna,NOUN
datow,NOUN
jenž,ADV
server,X
přewjedźe,VERB
přewjesć,VERB
technisce,ADV
normowanych,ADJ
normowany,ADJ
internetowych,ADJ
protokolow,NOUN
protokol,NOUN
lisabon,PROPN
portugisce,ADV
lisboa,PROPN
portugalskeje,PROPN
portugalska,PROPN
tejo,PROPN
atlantiskim,ADJ
atlantiski,ADJ
brjóze,NOUN
brjóh,NOUN
iberskeje,ADJ
iberski,ADJ
wokoło,ADP
předměstami,NOUN
předměsto,NOUN
sumeriska,ADJ
wosta,VERB
přewrótej,NOUN
přewrót,NOUN
časow,NOUN
zdźěłanych,ADJ
zdźěłany,ADJ
podobnje,ADV
grjekšćina,NOUN
romske,ADJ
łaćonšćina,NOUN
srjedźowěku,NOUN
srjedźowěk,NOUN
pismikowe,ADJ
pismikowy,ADJ
feničanow,PROPN
feničan,PROPN
zawjedźene,ADJ
zawjedźeny,ADJ
konsonanty,NOUN
konsonant,NOUN
wokale,NOUN
přisłušnym,ADJ
přisłušny,ADJ
pismje,NOUN
njepisaše,VERB
samsne,ADJ
płaći,VERB
prapisma,NOUN
prapismo,NOUN
biblije,PROPN
biblija,PROPN
hieroglyfowe,ADJ
hieroglyfowy,ADJ
egyptowčanow,PROPN
egyptowčan,PROPN
papyrusu,NOUN
papyrus,NOUN
pergamenće,NOUN
pergament,NOUN
wikisłownik,NOUN
dotalnych,ADJ
słownikarskich,ADJ
słownikarski,ADJ
projektow,NOUN
sylnje,ADV
zwosta,VERB
mytach,NOUN
regiona,NOUN
samo,ADV
stawiznach,NOUN
sargonje,PROPN
sargon,PROPN
rozprawichu,VERB
rozprawić,VERB
maćiznow,NOUN
rozpušćeć,VERB
rozpušćomnosć,NOUN
wotwisuje,VERB
wotwisować,VERB
maćizny,NOUN
temperatury,NOUN
płunow,NOUN
přiběracu,ADJ
přiběracy,ADJ
temperaturu,NOUN
mjeztym,ADV
selow,NOUN
přiběra,VERB
přiběrać,VERB
pohódnoćenje,NOUN
parametraj,NOUN
detaile,NOUN
prasyć,VERB
wobeńć,VERB
proste,ADJ
prosty,ADJ
wulkosće,NOUN
wulkosć,NOUN
wobrazow,NOUN
hewak,ADV
wužiwarske,ADJ
nastajenja,NOUN
nastajenje,NOUN
njefunguja,VERB
fungować,VERB
prostej,ADJ
wulkosću,NOUN
zdwórliwe,ADJ
zdwórliwy,ADJ
diskutować,VERB
wulkimi,ADJ
změnami,NOUN
měnjenju,NOUN
měnjenje,NOUN
namjetowaceho,ADJ
namjetowacy,ADJ
wužiwarja,NOUN
namjetach,NOUN
wotměwa,VERB
wotměwać,VERB
krytosymjenjaki,NOUN
znatymi,ADJ
družinami,NOUN
rostlinska,ADJ
rostlinski,ADJ
najwjetšimi,ADJ
systematiska,ADJ
systematiski,ADJ
symjeńcow,NOUN
symjeńc,NOUN
debatow,NOUN
debata,NOUN
znutřkowna,ADJ
znutřkowny,ADJ
naposledku,ADV
angiosperm,X
phylogeny,X
group,X
apg,X
stabilizowała,VERB
přestajowana,ADJ
přestajowany,ADJ
oktobrje,NOUN
předstajenej,ADJ
třećej,ADJ
wersiji,NOUN
tajke,DET
tajki,DET
wašnje,NOUN
mał,VERB
nastawkach,NOUN
ryby,NOUN
ryba,NOUN
wědomosce,ADV
pisces,X
piscis,X
zymnokrejne,ADJ
zymnokrejny,ADJ
rjapnikow,NOUN
rjapnik,NOUN
kladistiki,NOUN
kladistika,NOUN
monofyletiski,ADJ
zhromadneho,ADJ
zhromadny,ADJ
coologiskej,ADJ
coologiski,ADJ
systematice,NOUN
pazorkomaj,NOUN
pazork,NOUN
parafyletiski,ADJ
zu,X
poznamjenili,VERB
poznamjenić,VERB
łopjena,NOUN
łopjeno,NOUN
porach,NOUN
pjerite,ADJ
pjerity,ADJ
zawiječkach,NOUN
zawiječk,NOUN
kónča,VERB
kónčić,VERB
feather,X
svg,X
thumb,NOUN
100px,X
postaje,VERB
postać,VERB
šěrokosć,NOUN
wobrazki,NOUN
wobrazk,NOUN
pikselow,NOUN
piksel,NOUN
wuličuje,VERB
wuličić,VERB
wysokosć,NOUN
propociju,NOUN
proporcija,NOUN
bokow,NOUN
bok,NOUN
klemenowe,ADJ
basnje,NOUN
krótkim,ADJ
japanšćiny,NOUN
japanšćina,NOUN
chinšćiny,NOUN
chinšćina,NOUN
francošćiny,NOUN
francošćina,NOUN
jendźelšćiny,NOUN
jendźelšćina,NOUN
hindišćiny,NOUN
hindišćina,NOUN
šwedšćiny,NOUN
šwedšćina,NOUN
italšćiny,NOUN
italšćina,NOUN
španšćiny,NOUN
španšćina,NOUN
přełožili,VERB
přełožilić,VERB
wersije,NOUN
přizjewjene,ADJ
přizjewjeny,ADJ
postajeć,VERB
nastajenjach,NOUN
njepřizjewjene,ADJ
wulkosći,NOUN
lokalne,ADJ
lokalny,ADJ
adwerby,NOUN
akuzatiwny,ADJ
zwuraznjeja,VERB
zwuraznjeć,VERB
tie,X
tamle,ADV
tien,X
bahnhofstraße,PROPN
dwórnišćowa,ADJ
d,ADJ
bautzen,PROPN
alkoholiski,ADJ
napoj,NOUN
droždźemi,NOUN
droždźe,NOUN
předźěłaneje,ADJ
předźěłany,ADJ
brěčki,NOUN
brěčka,NOUN
winowych,ADJ
winowy,ADJ
jahodow,NOUN
jahoda,NOUN
jahody,NOUN
rostu,VERB
kićojtych,ADJ
kićojty,ADJ
pakićach,NOUN
pakić,NOUN
winowym,ADJ
pruće,NOUN
prut,NOUN
europskeho,ADJ
dobreho,ADJ
winowca,NOUN
winowc,NOUN
vitis,X
vinifera,X
subsp,X
rezistentny,ADJ
winowej,ADJ
šmicy,NOUN
šmica,NOUN
družiny,NOUN
brjohowy,ADJ
riparia,X
uferrebe,X
rupestris,X
wapnowy,ADJ
berlandieri,X
kalk,X
rebe,X
hybridy,NOUN
hybrid,NOUN
našćěpi,VERB
našćěpić,VERB
oceaniji,PROPN
znatych,ADJ
stawiznow,NOUN
připućowanja,NOUN
připućowanje,NOUN
skupinach,NOUN
charakterizowany,ADJ
rozpadny,VERB
rozpadnyć,VERB
měšćanskich,ADJ
starowěkowskej,ADJ
starowěkowski,ADJ
grjekskej,PROPN
grjekska,PROPN
kralemi,NOUN
nachwilu,ADV
jedny,NUM
druhemu,ADJ
wojowachu,VERB
wojować,VERB
fazy,NOUN
dominowane,ADJ
dominowany,ADJ
mócy,NOUN
regionow,NOUN
dobywanske,ADJ
dobywanski,ADJ
wójnske,ADJ
wuprawy,NOUN
wuprawa,NOUN
wjedźechu,VERB
wjedźec,VERB
lětach,NOUN
gutejčenjo,NOUN
wuhnaći,ADJ
sumeriske,ADJ
dóńdźechu,VERB
dóńć,VERB
zarjadniska,ADJ
cikuraty,NOUN
cikurat,NOUN
nastawaja,VERB
nastawać,VERB
wurjekuje,VERB
wurjekować,VERB
wurjekowanja,NOUN
wokalomaj,NOUN
stało,VERB
lisćiny,NOUN
twojim,DET
twój,DET
čitanja,NOUN
čitanje,NOUN
hódne,ADJ
hódny,ADJ
swětowych,ADJ
mišterstwow,NOUN
mišterstwo,NOUN
kopańcy,NOUN
kopańca,NOUN
samotar,NOUN
wjelk,NOUN
wšitkich,DET
oficijalnych,ADJ
oficijalny,ADJ
južnoafriskich,ADJ
južnoafriski,ADJ
była,AUX
recitowachu,VERB
recitować,VERB
južnoafriscy,ADJ
wuměłcy,NOUN
wuměłc,NOUN
přełožowarjo,NOUN
přełožowar,NOUN
nahrawanja,NOUN
přełožki,NOUN
namakaće,VERB
powjerchu,NOUN
nahromadźuje,VERB
nahromadźić,VERB
běžace,ADJ
běžacy,ADJ
dele,ADV
rěčki,NOUN
rěčka,NOUN
stajace,ADJ
stajacy,ADJ
niwowje,NOUN
niwow,NOUN
jězory,NOUN
jězor,NOUN
přinošował,VERB
přinošować,VERB
pozadkowu,ADJ
pozadkowy,ADJ
hudźbu,NOUN
hudźba,NOUN
kamera,NOUN
tadas,PROPN
šlajus,PROPN
orbity,NOUN
orbit,NOUN
planetow,NOUN
planet,NOUN
słónca,NOUN
słónco,NOUN
přejara,ADV
daloke,ADJ
daloki,ADJ
małke,ADJ
małki,ADJ
namódry,ADV
steja,VERB
jednym,NUM
třoch,NOUN
kićach,NOUN
kić,NOUN
rozporach,NOUN
rozpor,NOUN
starobabylonskej,ADJ
srjedźišća,NOUN
tehdyšich,ADJ
tehdyši,ADJ
podawkow,NOUN
dósta,VERB
grjekojo,PROPN
grjek,PROPN
cyłu,ADJ
mezopotamisku,PROPN
babylonsku,PROPN
spisa,VERB
jednu,NUM
prěnich,ADJ
traděrowanych,ADJ
traděrowany,ADJ
zakonjow,NOUN
zakoń,NOUN
paragrafach,NOUN
paragraf,NOUN
prawidłowaše,VERB
prawidłować,VERB
aspekty,NOUN
aspekt,NOUN
ciwilneho,ADJ
ciwilny,ADJ
chłostanske,ADJ
chłostanski,ADJ
zarjadniske,ADJ
poda,VERB
podać,VERB
rozsudźenjow,NOUN
rozsudźenje,NOUN
jednotliwych,ADJ
padow,NOUN
krutosć,NOUN
wuznamjenjachu,VERB
wuznamjenjeć,VERB
historikarjo,NOUN
historikar,NOUN
wěsći,ADJ
wobkedźbowaše,VERB
tule,ADV
powšitkowny,ADJ
hornjoserbskeje,ADJ
wšitko,PRON
tworjenja,NOUN
pokiwam,NOUN
přikładam,NOUN
wězo,ADV
trjebamy,VERB
poradźił,VERB
poradźić,VERB
wašu,DET
waš,DET
počachu,VERB
počeć,VERB
spisowaćeljo,NOUN
spisowaćel,NOUN
esperanto,PROPN
spisować,VERB
španišćina,NOUN
kastilšćina,NOUN
jedna,NUM
najbóle,ADV
rozšěrjenych,ADJ
romaniskich,ADJ
romaniski,ADJ
španisce,ADV
južnej,ADJ
americe,PROPN
sewjernej,ADJ
ekwatorialnej,ADJ
ekwatorialny,ADJ
gineji,PROPN
gineja,PROPN
ozn,PROPN
pućowanjach,NOUN
pućowanje,NOUN
zarjadowanjach,NOUN
zetkawaja,VERB
zetkawać,VERB
městnych,ADJ
městny,ADJ
listowe,ADJ
listowy,ADJ
přećelstwa,NOUN
přećelstwo,NOUN
čitaja,VERB
esperanće,PROPN
posłuchaja,VERB
posłuchać,VERB
esperantsku,ADJ
esperantski,ADJ
žiwjenskich,ADJ
žiwjenski,ADJ
wokruhach,NOUN
wokruh,NOUN
funguje,VERB
swójbna,ADJ
swójbny,ADJ
eksistuja,VERB
radijowe,ADJ
radijowy,ADJ
wusyłanja,NOUN
wusyłanje,NOUN
podkasty,NOUN
podkast,NOUN
karnataka,PROPN
kannada,PROPN
ಕರ್ನಾಟಕ,X
kwadratnym,ADJ
kwadratny,ADJ
kilometru,NOUN
statna,ADJ
bengaluru,PROPN
bangalore,PROPN
indiskich,ADJ
centrow,NOUN
center,X
informaciskeje,ADJ
drawidsku,ADJ
jeničku,ADJ
zarjadnisku,ADJ
urdu,PROPN
telugu,PROPN
sargonom,PROPN
nowa,ADJ
započa,VERB
předaziske,ADJ
předaziski,ADJ
zjednoćejo,VERB
zjednoćeć,VERB
swojemu,DET
mócnarskemu,ADJ
wobwodej,NOUN
wobwod,NOUN
słušeše,VERB
dźele,ADP
irana,PROPN
małeje,ADJ
azije,PROPN
kotrehož,DET
njebuchu,AUX
knježerstwowe,ADJ
knježerstwowy,ADJ
akkadska,ADJ
akkadski,ADJ
wutłóči,VERB
wutłóčić,VERB
rěčanu,ADJ
sakralnu,ADJ
sakralny,ADJ
ceremonialnu,ADJ
ceremonialny,ADJ
literarnu,ADJ
rěc,NOUN
sargona,PROPN
hospodarskim,ADJ
kulturelnymi,ADJ
zwiskam,NOUN
zwisk,NOUN
podćisnjenymi,ADJ
podćisnjeny,ADJ
ludami,NOUN
susodami,NOUN
susod,NOUN
persiskemu,ADJ
golfej,NOUN
daše,VERB
florěrowace,ADJ
florěrowacy,ADJ
mórske,ADJ
šwed,PROPN
carl,PROPN
scheele,PROPN
jendźelčan,PROPN
joseph,PROPN
priestley,PROPN
wotkryłoj,VERB
wotkryć,VERB
francoz,PROPN
lavoisier,PROPN
oxygen,NOUN
mjenował,VERB
oxys,X
kisilina,NOUN
gignomai,X
činju,VERB
apofonija,NOUN
rozdźělnymi,ADJ
morfami,NOUN
morf,NOUN
morphem,NOUN
reprezentować,VERB
jacoba,PROPN
jacob,PROPN
grimma,PROPN
grimm,PROPN
rěčewědy,NOUN
rěčewěda,NOUN
poznamjenjenje,NOUN
prawidłowneje,ADJ
prawidłowny,ADJ
změny,NOUN
zdónkowym,ADJ
zdónkowy,ADJ
wokalu,NOUN
fleksiji,NOUN
fleksija,NOUN
germanskich,ADJ
germanski,ADJ
zašo,ADV
wobrysowane,ADJ
wobrysowany,ADJ
fachowe,ADJ
najskerje,ADV
protoindoeuropsku,ADJ
protoindoeuropski,ADJ
prarěč,NOUN
wuskutki,NOUN
wuskutk,NOUN
indoeuropskich,ADJ
susodnymi,ADJ
krajemi,NOUN
poćahi,NOUN
dalokowikowanja,NOUN
dalokowikowanje,NOUN
sahachu,VERB
sahać,VERB
baltiskeho,ADJ
baltiski,ADJ
indusowej,ADJ
indusowy,ADJ
delće,NOUN
delta,NOUN
twory,NOUN
twora,NOUN
přinjesechu,VERB
lódź,NOUN
karawanu,NOUN
karawana,NOUN
karawany,NOUN
wosołami,NOUN
wosoł,NOUN
transportowachu,VERB
transportować,VERB
wjelbłudy,NOUN
wjelbłud,NOUN
njesechu,VERB
snadnej,ADJ
měrje,NOUN
měra,NOUN
konje,NOUN
kóń,NOUN
wozy,NOUN
wóz,NOUN
dróhi,NOUN
dróha,NOUN
nowoassyriskeho,ADJ
nowoassyriski,ADJ
wšědneje,ADJ
fyzikalnych,ADJ
fyzikalny,ADJ
chemiskich,ADJ
kajkosćach,NOUN
wyši,ADJ
husćiša,ADJ
bazy,NOUN
baza,NOUN
masoweje,ADJ
masowy,ADJ
diferency,NOUN
diferenca,NOUN
protiumom,NOUN
deuteriumom,NOUN
tritiumom,NOUN
matej,VERB
dwójnu,ADJ
trójnu,ADJ
trójny,ADJ
masu,NOUN
kinetiski,ADJ
izotopowy,ADJ
efekt,NOUN
akutny,ADJ
narunanja,NOUN
narunanje,NOUN
substancach,NOUN
runowahowe,ADJ
runowahowy,ADJ
reakcije,NOUN
reakcija,NOUN
změnja,VERB
ćěłoškódnym,NOUN
ćěłoškódny,NOUN
sćěham,NOUN
čłowjekowym,ADJ
ćěle,NOUN
ćěło,NOUN
wodźić,VERB
brjohu,NOUN
machačkala,PROPN
dagestana,PROPN
dagestan,PROPN
baku,PROPN
azerbajdźana,PROPN
azerbajdźan,PROPN
zwisku,NOUN
wustajeńcu,NOUN
wustajeńca,NOUN
moderni,ADJ
widy,NOUN
romow,PROPN
rom,PROPN
cyganow,PROPN
cygan,PROPN
muzeju,NOUN
muzej,NOUN
wusměrić,VERB
teksće,NOUN
opcijami,NOUN
opcija,NOUN
left,X
right,X
none,X
rezultat,NOUN
wužiwaneho,ADJ
wužiwany,ADJ
syćoweho,ADJ
wobhladowaka,NOUN
kaspiske,ADJ
azerbajdžansce,ADV
xəzər,X
dənizi,X
persce,ADV
دریای,X
خزر,X
rusce,ADV
каспийское,X
море,X
kazachsce,ADV
каспий,X
теңізі,X
turkmensce,ADV
hazar,X
deňzi,X
kwadratnych,ADJ
wobjim,NOUN
kubikowych,ADJ
kubikowy,ADJ
njeparujomny,ADJ
dychanje,NOUN
žiwochi,NOUN
njetrjebaja,VERB
jednobańkowcach,NOUN
jednobańkowc,NOUN
póndźelu,NOUN
přiliča,VERB
přiličeć,VERB
dny,NOUN
póndźele,NOUN
prěnjemu,ADJ
prěnjemy,ADJ
protykowemu,ADJ
protykowy,ADJ
tydźenju,NOUN
słaby,ADJ
loben,X
njeměnja,VERB
lobte,X
gelobt,X
smažnika,NOUN
smažnik,NOUN
rosario,PROPN
argentinska,PROPN
higuera,PROPN
profesionalny,ADJ
marxistiski,ADJ
rewolucionar,NOUN
guerillowy,ADJ
argentinskeje,PROPN
zelene,ADJ
zeleny,ADJ
algi,NOUN
jednobańkowcy,NOUN
płodźa,VERB
płodźić,VERB
rozpačenje,NOUN
potrjebuja,VERB
potrjebować,VERB
swětło,NOUN
fotosynteza,NOUN
genusaj,NOUN
genus,NOUN
numerusaj,NOUN
numerus,NOUN
wuwzaćom,NOUN
pronomenow,NOUN
pronomen,NOUN
rozsudny,ADJ
běštej,AUX
koleso,NOUN
hornčerska,ADJ
pózdnja,ADJ
pózdni,ADJ
monokotyledonow,NOUN
monokotyledon,NOUN
eudikotyledonow,NOUN
eudikotyledon,NOUN
bazalnje,ADV
stejace,ADJ
stejacy,ADJ
porjady,NOUN
přiwuznosć,NOUN
kladogram,NOUN
wujasnjuje,VERB
wujasnjować,VERB
recentne,ADJ
recentny,ADJ
njewotemrěne,ADJ
wotemrěny,ADJ
sobu,PRON
morfologiskich,ADJ
molekularbiologiskich,ADJ
molekularbiologiski,ADJ
studijach,NOUN
monofyletisce,ADJ
monofyletiscy,ADJ
jatrowe,ADJ
jatrowy,ADJ
mochi,NOUN
moch,NOUN
lisćowe,ADJ
lisćowy,ADJ
rohowe,ADJ
rohowy,ADJ
žiłkowe,ADJ
žiłkowy,ADJ
skupinow,NOUN
doskónčnje,ADV
wujasnjena,ADJ
wujasnjeny,ADJ
zańdźenosći,NOUN
zańdźenosć,NOUN
namjety,NOUN
tola,CCONJ
prawdźepodobne,ADJ
přiwuznistwa,NOUN
přiwuznistwo,NOUN
wotrysach,NOUN
wotrys,NOUN
serbja,PROPN
słyšachu,VERB
słyšać,VERB
połobskosłowjanskim,ADJ
połobskosłowjanski,ADJ
kmjenam,NOUN
sem,ADV
wódru,PROPN
wódra,PROPN
łobjom,PROPN
łobjo,PROPN
solawu,PROPN
solawa,PROPN
zasydlichu,VERB
zasydlić,VERB
hačrunjež,SCONJ
wyšnosći,NOUN
wyšnosć,NOUN
podćisnjeni,ADJ
etnisku,ADJ
přitomnosće,NOUN
zažnym,ADJ
wotući,VERB
wotućić,VERB
wliwom,NOUN
rozswětlerstwa,NOUN
rozswětlerstwo,NOUN
romantiki,NOUN
romantika,NOUN
narodneho,ADJ
narodny,ADJ
wozrodźenja,NOUN
wozrodźenje,NOUN
ludow,NOUN
narodne,ADJ
wědomje,NOUN
łužiskich,ADJ
łužiski,ADJ
wodrjewjane,ADJ
wodrjewjany,ADJ
eteriske,ADJ
eteriski,ADJ
wolije,NOUN
fenylpropanoidy,NOUN
fenylpropanoid,NOUN
terpeny,NOUN
terpen,NOUN
kulowatych,ADJ
kulowaty,ADJ
idioblastach,NOUN
idioblast,NOUN
jednore,ADJ
pódlanske,ADJ
łopješko,NOUN
rozdźělnych,ADJ
formach,NOUN
přirjadowanje,NOUN
kćenjowych,ADJ
kćenjowy,ADJ
organow,NOUN
šrubikojte,ADJ
šrubikojty,ADJ
třiličbnych,ADJ
třiličbny,ADJ
kružkach,NOUN
kružk,NOUN
próšk,NOUN
monosulkatny,ADJ
płodowe,ADJ
płodowy,ADJ
łopješka,NOUN
zrosćene,ADJ
zrosćeny,ADJ
časte,ADJ
rostlinske,ADJ
bencylisochinolinalkaloidy,NOUN
bencylisochinolinalkaloid,NOUN
neolignany,NOUN
neolignan,NOUN
zestajenkowe,ADJ
zestajenkowy,ADJ
kapki,NOUN
kapka,NOUN
stabilne,ADJ
sylneje,ADJ
kapana,ADJ
kapany,ADJ
njerozpušćomny,ADJ
rozpušćomny,ADJ
škleńcu,NOUN
škleńca,NOUN
kapkow,NOUN
zwjazuje,VERB
zwjazować,VERB
rostlinowu,ADJ
transpiraciju,NOUN
transpiracija,NOUN
wužiwane,ADJ
awstro,ADJ
aziske,ADJ
aziski,ADJ
santali,PROPN
tibeto,ADJ
tibetski,ADJ
burmaske,ADJ
burmaski,ADJ
manipuri,PROPN
njewěm,VERB
wědźeć,VERB
separatnu,ADJ
separatny,ADJ
jan,NOUN
cet,PROPN
germanšćinje,NOUN
germanšćina,NOUN
krutym,ADJ
prawidle,NOUN
ablawtuje,VERB
ablawtować,VERB
prěnjotna,ADJ
prěnjotny,ADJ
sćěhowace,ADJ
němčinje,NOUN
grupow,NOUN
grupa,NOUN
wobchowane,ADJ
wobchowany,ADJ
werby,NOUN
ablawtowu,ADJ
grupu,NOUN
rěčnych,ADJ
słabe,ADJ
backen,X
słabje,ADV
skłonjuje,VERB
skłonjować,VERB
backte,X
gebackt,X
particip,NOUN
buk,X
gebacken,X
jewjetej,VERB
tołsty,ADJ
mjasny,ADJ
wioletny,ADJ
oranžočerwjeny,ADJ
špindlojty,ADJ
boblojty,ADJ
karotin,NOUN
cona,NOUN
jasniši,ADJ
jasny,ADJ
zwonkowny,ADJ
slepo,PROPN
wuchodnosakska,ADJ
wuchodnosakski,ADJ
wjes,NOUN
gmejny,NOUN
gmejna,NOUN
zarjadniskeho,ADJ
zjednoćenstwa,NOUN
zjednoćenstwo,NOUN
wokrjesu,NOUN
wokrjes,NOUN
zhorjelc,PROPN
srjedź,ADP
1990ych,ADJ
1990y,ADJ
słušatej,VERB
wjesce,NOUN
wjeska,NOUN
rowno,PROPN
mułkecy,PROPN
gmejnje,NOUN
wobsydlenje,NOUN
obejdskej,ADJ
obejdski,ADJ
wobsydlachu,VERB
wobsydleć,VERB
persiskim,ADJ
golfom,NOUN
ratarstwo,NOUN
wunamakana,ADJ
wunamakany,ADJ
cyhelow,NOUN
cyhel,NOUN
nastate,ADJ
urukoweje,ADJ
urukowy,ADJ
spočatki,NOUN
piktogramow,NOUN
piktogram,NOUN
sumeriskemu,ADJ
klinowemu,ADJ
pismu,NOUN
wuwiwaše,VERB
nowych,ADJ
fylogenetiskich,ADJ
fylogenetiski,ADJ
spóznaćach,NOUN
spóznaće,NOUN
dwanaće,NUM
podswójbow,NOUN
podswójba,NOUN
zawjedowane,ADJ
zawjedowany,ADJ
zapřijeća,NOUN
přeměniła,VERB
přeměnić,VERB
wužiwanej,ADJ
adl,PROPN
twjerdźowymi,ADJ
embryophyta,X
runinu,NOUN
sadźa,VERB
sadźeć,VERB
rostlinam,NOUN
liča,VERB
žiłowe,ADJ
žiłowy,ADJ
aziji,PROPN
brjoha,NOUN
azerbajdźanom,PROPN
ruskej,ADJ
ruski,ADJ
federaciju,NOUN
kazachstanom,PROPN
kazachstan,PROPN
turkmenistanom,PROPN
turkmenistan,PROPN
ležeše,VERB
tigrisu,PROPN
knjejstwom,NOUN
herrschaft,X
nomadźa,NOUN
nomad,NOUN
hromadu,ADV
korjenjow,NOUN
hribami,NOUN
bakterijemi,NOUN
bakterija,NOUN
mikroorganizmami,NOUN
mikroorganizm,NOUN
komunikować,VERB
komunikaciske,ADJ
komunikaciski,ADJ
procesy,NOUN
zawěsćuja,VERB
zawěsćować,VERB
zum,X
einen,X
přihódnych,ADJ
přihódny,ADJ
wutkow,NOUN
wutk,NOUN
krótkodobnu,ADJ
krótkodobny,ADJ
srjedźnodobnu,ADJ
srjedźnodobny,ADJ
dołhodobnu,ADJ
koordinaciju,NOUN
koordinacija,NOUN
organizaciju,NOUN
rosćenskich,ADJ
rosćenski,ADJ
wuwiwanskich,ADJ
procesow,NOUN
detailowych,ADJ
krokach,NOUN
krok,NOUN
rybow,NOUN
přiběrace,ADJ
spěchowaštej,VERB
spěchować,VERB
wuwiwanje,NOUN
spočatku,NOUN
słužeše,VERB
knihiwjedstwu,NOUN
knihiwjedstwo,NOUN
najwažniše,ADJ
knježićelow,NOUN
gilgameš,PROPN
rjeku,NOUN
rjek,NOUN
najstarši,ADJ
čłowjestwa,NOUN
čłowjestwo,NOUN
móžnosćach,NOUN
babyloniska,PROPN
sumer,PROPN
pěstowachu,VERB
pěstować,VERB
dalokosahace,ADJ
dalokosahacy,ADJ
susodnym,ADJ
krajam,NOUN
prowincy,NOUN
prowinca,NOUN
mezopotamiskich,ADJ
mezopotamiski,ADJ
jadrowych,ADJ
jadrowy,ADJ
krajow,NOUN
deklarowane,ADJ
deklarowany,ADJ
starowěka,NOUN
starowěk,NOUN
njesłušeja,VERB
definowanym,ADJ
geografiskim,ADJ
kónčinam,NOUN
armenska,PROPN
urartu,PROPN
mittani,PROPN
mediska,PROPN
elam,PROPN
zažne,ADJ
prjedy,ADV
stareje,ADJ
tworješe,VERB
mnichow,PROPN
münchen,PROPN
bayerskeje,PROPN
bayerska,PROPN
ekonomiske,ADJ
ekonomiski,ADJ
južneje,ADJ
wobydlerjach,NOUN
třeće,ADJ
dwanate,ADJ
dwanaty,ADJ
europskeje,ADJ
unije,NOUN
unija,NOUN
běža,VERB
běžeć,VERB
isar,PROPN
rosa,PROPN
luxemburg,PROPN
rozalia,PROPN
luksenburg,PROPN
zamośće,PROPN
pólska,PROPN
wuznamna,ADJ
zastupjerka,NOUN
dźěłaćerskeho,ADJ
dźěłaćerski,ADJ
hibanja,NOUN
hibanje,NOUN
rozsudna,ADJ
proletariska,ADJ
proletariski,ADJ
internacionalistka,NOUN
lětomaj,NOUN
předsydka,NOUN
kpd,PROPN
prawicarskeje,ADJ
prawicarski,ADJ
jednotki,NOUN
jednotka,NOUN
zamordowana,ADJ
zamordowany,ADJ
wuchodny,ADJ
přibrjóh,NOUN
andreho,PROPN
andre,PROPN
pradeša,PROPN
pradeš,PROPN
južna,ADJ
dožiwja,VERB
oktobrom,NOUN
decembrom,NOUN
sewjerozapadneho,ADJ
sewjerozapadny,ADJ
narysowa,VERB
narysować,VERB
pěskojte,ADJ
pěskojty,ADJ
dno,NOUN
smuhu,NOUN
smuha,NOUN
praji,VERB
prajić,VERB
njesměš,VERB
kruh,NOUN
prajo,VERB
kruhu,NOUN
dyrbiš,VERB
přestupić,VERB
přińdźe,VERB
wichor,NOUN
zhubi,VERB
mróz,NOUN
wučerpałoj,VERB
wučerpać,VERB
njepohnu,VERB
pohnuć,VERB
njewědźeše,VERB
pěsku,NOUN
pěsk,NOUN
zarysowana,ADJ
zarysowany,ADJ
sardiniskeje,PROPN
sardiniska,PROPN
francoskeje,PROPN
italskeje,PROPN
italska,PROPN
maksimalnu,ADJ
maksimalny,ADJ
100x200px,X
pisa,VERB
skalěrowane,ADJ
skalěrowany,ADJ
praworóžk,NOUN
šěrokosću,NOUN
wysokosću,NOUN
zachowuja,VERB
zachowywać,VERB
x200px,X
politiska,ADJ
posaarska,PROPN
tehdy,ADV
saarbeckengebiet,PROPN
lětu,NOUN
versailloweho,ADJ
versaillowy,ADJ
zrěčenja,NOUN
zrěčenje,NOUN
tworjena,ADJ
tworjeny,ADJ
pjatnaće,NUM
ludowemu,ADJ
zwjazkej,NOUN
podstajena,ADJ
podstajeny,ADJ
wróćiła,VERB
wróćić,VERB
němskeho,ADJ
swětowej,ADJ
wójnje,NOUN
protektorat,NOUN
zwjazkowu,ADJ
republiku,NOUN
přistupiła,VERB
přistupić,VERB
aktualnej,ADJ
eukaryotow,NOUN
eukaryot,NOUN
zastupjerje,NOUN
zelenych,ADJ
čerwjenych,ADJ
ličene,ADJ
ličeny,ADJ
plantae,X
wotpowěduja,VERB
embryofytam,NOUN
embryofyt,NOUN
wopřijmju,ADV
kralej,NOUN
nasir,PROPN
apli,PROPN
šulmanu,PROPN
ašared,PROPN
rozšěrištaj,VERB
poražkach,NOUN
poražka,NOUN
nutřkownych,ADJ
nutřkowny,ADJ
wadźeńcach,NOUN
wadźeńca,NOUN
apil,PROPN
ešarrje,PROPN
poradźiło,VERB
fenicisku,PROPN
feniciska,PROPN
palestinu,PROPN
palestina,PROPN
dobywanska,ADJ
žadosć,NOUN
wjeršk,NOUN
dobywanju,NOUN
ahhe,PROPN
iddina,PROPN
iddin,PROPN
bani,PROPN
nazhonity,ADJ
politikar,NOUN
wobčitany,ADJ
substantiwy,NOUN
genusy,NOUN
šěsć,NUM
wotwisuja,VERB
numerusa,NOUN
gramatiskeho,ADJ
gramatiski,ADJ
čisła,NOUN
čisło,NOUN
klasy,NOUN
klasa,NOUN
deklinacije,NOUN
deklinacija,NOUN
zemskeje,ADJ
zemski,ADJ
atmosfery,NOUN
silikatow,NOUN
kamjenjach,NOUN
kamjeń,NOUN
njewotwisnych,ADJ
narodow,NOUN
připóznatych,ADJ
fidel,PROPN
castro,PROPN
płone,ADJ
symjenja,NOUN
sedźa,VERB
sedźeć,VERB
łušćinach,NOUN
łušćina,NOUN
tačelojte,ADJ
tačelojty,ADJ
zelenojće,ADJ
zelenojći,ADJ
brune,ADJ
bruny,ADJ
čorne,ADJ
čorny,ADJ
čerwjenojte,ADJ
čerwjenojty,ADJ
přinjesu,VERB
wuhlowych,ADJ
wuhlowy,ADJ
hydratach,NOUN
hydrat,NOUN
salzburg,PROPN
salzach,PROPN
awstriskej,PROPN
awstriska,PROPN
alpow,PROPN
alpy,PROPN
bliske,ADJ
europske,ADJ
ljubljana,PROPN
wien,PROPN
pozdźiše,ADJ
wopřijeće,NOUN
wina,NOUN
germanow,PROPN
słowjanow,PROPN
słowjan,PROPN
ruske,ADJ
vinó,X
baltow,PROPN
balt,PROPN
vynas,X
letiskej,PROPN
letiska,PROPN
vins,X
znatej,ADJ
horjeka,ADV
naspomnjenej,ADJ
naspomnjeny,ADJ
definiciji,NOUN
zapado,ADJ
serwjernogermanšćinje,NOUN
serwjernogermanšćina,NOUN
rozšerjeny,ADJ
přezwuk,NOUN
maus,X
mäuse,X
mäuslein,X
fahren,X
fährt,X
j,X
sćěhowacej,ADJ
złóžce,NOUN
złóžka,NOUN
zawinowany,ADJ
młódši,ADJ
młody,ADJ
zjaw,NOUN
čehoždla,ADV
ani,CCONJ
rjadach,NOUN
ablawtowym,ADJ
fenomenam,NOUN
njeliči,VERB
wonej,PRON
idealnje,ADV
wudospołnjatej,ADJ
wudospołnjaty,ADJ
encyklopediske,ADJ
encyklopediski,ADJ
artikle,NOUN
artikl,NOUN
někajkej,DET
wosobje,NOUN
něšto,PRON
boku,NOUN
njenamakaš,VERB
informaciju,NOUN
informacija,NOUN
gramatice,NOUN
gramatika,NOUN
ortografiji,NOUN
ortografija,NOUN
wothladajo,VERB
nadźijomnje,ADV
korektnje,ADV
piše,VERB
tajkich,DET
prawdźepodobnje,ADV
wěcownu,ADJ
wěcowny,ADJ
pyta,VERB
pytać,VERB
gramatisku,ADJ
wotkazuje,VERB
idealnym,ADJ
padźe,NOUN
kóždym,DET
artiklu,NOUN
wikisłowniku,NOUN
njeznate,ADJ
zhonił,VERB
zhonić,VERB
připućowachu,VERB
připućować,VERB
sewjera,NOUN
južneho,ADJ
lijeńcy,NOUN
lijeńca,NOUN
powěda,VERB
powědać,VERB
dokumentuje,VERB
dokumentować,VERB
pućowanja,NOUN
mjenowanje,NOUN
semitiskich,ADJ
semitiski,ADJ
mjenuja,VERB
dobu,NOUN
zažnodynastisku,ADJ
zažnodynastiski,ADJ
periodu,NOUN
pisomne,ADJ
pisomny,ADJ
dopokazy,NOUN
spisane,ADJ
spisany,ADJ
rěčespytnicy,NOUN
rěčespytnik,NOUN
móhła,VERB
mongolšćinu,NOUN
mongolšćina,NOUN
finšćinu,NOUN
finšćina,NOUN
madźaršćinu,NOUN
madźaršćina,NOUN
turkowšćinu,NOUN
turkowšćina,NOUN
wotwodźeja,VERB
wotwodźeć,VERB
měnjo,VERB
korjenja,NOUN
neolitikumje,NOUN
neolitikum,NOUN
mórskej,ADJ
hładźinu,NOUN
hładźina,NOUN
njeda,VERB
chibazo,SCONJ
eroziju,NOUN
erozija,NOUN
sćěwku,NOUN
sćěwka,NOUN
rólniskeho,ADJ
rólniski,ADJ
přepasenja,NOUN
přepasenje,NOUN
taurusu,PROPN
zagrosu,PROPN
sylnemu,ADJ
nanjesenju,NOUN
nanjesenje,NOUN
někajkeho,DET
internetom,NOUN
zwjazać,VERB
stopjenja,NOUN
ekonomiskeho,ADJ
wuwića,NOUN
ćahanja,NOUN
ćahanje,NOUN
wobsydla,VERB
krajinu,NOUN
baltiskim,ADJ
morjom,NOUN
srjedźnymi,ADJ
horinami,NOUN
rěkami,NOUN
bobrom,PROPN
bobr,PROPN
kwisu,PROPN
kwisa,PROPN
surbi,PROPN
chronice,NOUN
fredegara,PROPN
fredegar,PROPN
króć,NOUN
pisomnje,ADV
heinrich,PROPN
podćisnje,VERB
podćisnyć,VERB
kmjenaj,NOUN
łužičanow,PROPN
łužičan,PROPN
milčanow,PROPN
milčan,PROPN
markhrabja,NOUN
gero,PROPN
hosćinje,NOUN
hosćina,NOUN
třiceći,NUM
połobskosłowjanskich,ADJ
zabić,VERB
zběhnje,VERB
budyskim,ADJ
budyski,ADJ
bolesławom,PROPN
bolesław,PROPN
chrobrym,PROPN
chrobry,PROPN
kejžorom,NOUN
kejžor,NOUN
heinrichom,PROPN
teritorijej,NOUN
pólskemu,ADJ
wjerchej,NOUN
leno,NOUN
přidźělitej,VERB
přidźělić,VERB
konstrukt,NOUN
wopřijmje,VERB
wopřijeć,VERB
słušacy,ADJ
staćanstwje,NOUN
staćanstwo,NOUN
realne,ADJ
realny,ADJ
wukonjenje,NOUN
statnu,ADJ
monarchistiske,ADJ
monarchistiski,ADJ
autokratiske,ADJ
autokratiski,ADJ
demokratiske,ADJ
